chunk_id,article_id,source_row_ids_json,title,published_date
613de2c24d2456048c08::c0000,613de2c24d2456048c08,[2532],Exclusive: Amazon has drawn thousands to try its AI service competing with Microsoft Google,2023-07-26
ae3e878731488df141c0::c0000,ae3e878731488df141c0,"[2537, 3737]",Amazon has drawn thousands to try its AI service competing with Microsoft Google,2023-07-27
0d53dc66fb96e3cb91e2::c0000,0d53dc66fb96e3cb91e2,[2905],Exclusive: Amazon's cloud unit is considering AMD's new AI chips,2023-06-14
8d2f8b148829f4949b97::c0000,8d2f8b148829f4949b97,[3330],More tech companies take White House AI safety pledge,2023-09-12
486309b2b36023d69765::c0000,486309b2b36023d69765,[3357],3 Best Cloud Stocks to Buy in June,2023-06-01
9781172d2260895c1d09::c0000,9781172d2260895c1d09,[3380],The White House and big tech companies release commitments on managing AI,2023-07-21
7ca725290aab95bd56a7::c0000,7ca725290aab95bd56a7,[3395],Google Cloud Kicks Off Next '23 with a New Way to Cloud,2023-08-29
5107f0cd19116339b25d::c0000,5107f0cd19116339b25d,[4762],Hewlett Packard Enterprise Fortifies Network Security With Acquisition of Security Service Edge Provider Axis Security,2023-03-02
692168d7521764b326d8::c0000,692168d7521764b326d8,[0],onsemi and Sineng Electric Spearhead the Development of Sustainable Energy Applications,2023-05-16
3d9db98a718bca7cbecc::c0000,3d9db98a718bca7cbecc,[2],Modernizing State Services: Harnessing Technology for Enhanced Public Service Delivery,2023-05-01
16730bfb5f709838e2ba::c0000,16730bfb5f709838e2ba,"[3, 3046]",Terry Richardson On Why He Left AMD GreenPages’ Technology Chops And The AI Opportunity,2023-05-02
e0424f1d94d83c92062d::c0000,e0424f1d94d83c92062d,[27],5 Kubernetes technology vendors hot right now,2023-02-28
a92a9be030d9548b4a25::c0000,a92a9be030d9548b4a25,"[28, 1794, 4341]",Bachelor of Science in Health Information Management,2023-08-16
7bd2e58cab0901b9d36d::c0000,7bd2e58cab0901b9d36d,"[29, 2841]",Office of Government Information Services,2023-09-27
b777712fb4452380ffb5::c0000,b777712fb4452380ffb5,[31],Technology and services for publishers: Directory of recommended companies,2022-12-27
40fa0abbe7a07329f970::c0000,40fa0abbe7a07329f970,[32],Tech Media & Telecom Roundup: Market Talk,2023-10-04
b6c5fc3e7714a233f1bb::c0000,b6c5fc3e7714a233f1bb,[34],Ceinsys Tech Ltd: A specialized GIS & Mobility engineering services provider celebrates 25 Years of Enhancing Possibilities; eyes global expansion,2023-07-11
e883224fa864b1a0b2cc::c0000,e883224fa864b1a0b2cc,[35],L&T Technology Services Schedule Of Analyst/ Institutional Investor Meetings,2023-08-08
7005b28d7ab45bbfde1e::c0000,7005b28d7ab45bbfde1e,"[37, 2484]",Stewart Information Services: Waiting For Better Times,2023-08-14
933f58e25861d21fd765::c0000,933f58e25861d21fd765,[40],With Services and Solutions Companies Have Choices for Network Monitoring,2023-03-03
11d9b4c51d3a93bebf3f::c0000,11d9b4c51d3a93bebf3f,[42],Green Information Technology Service Market 2023-2030: Forecasting Size Growth and Trend 2023-2030,2023-09-01
0a09e6c86d4ac8c86d57::c0000,0a09e6c86d4ac8c86d57,[45],dynaCERT's HydraGENTM Technology to be Featured by the City of Ottawa Fleet Services Expo,2023-09-18
4876b624cce694ac7060::c0000,4876b624cce694ac7060,[46],IAS provides verification solution to Amazon Publisher Services Connections Marketplace,2023-03-29
7b2d135322d2cf09d853::c0000,7b2d135322d2cf09d853,"[47, 2507]",Network Services,2023-07-06
3a5cb051e804092417d4::c0000,3a5cb051e804092417d4,"[49, 2227, 3931]",Information Services Group Inc. (III) Q4 2022 Earnings Call Transcript,2023-03-10
5de01398a4298b732892::c0000,5de01398a4298b732892,[50],Intelligent Technical Solutions Expands Acquires Five Managed Service Providers,2023-03-28
41e65f06e106d07cf113::c0000,41e65f06e106d07cf113,[51],Renovus unveils new government services company,2023-04-19
26866b4b192a99075d08::c0000,26866b4b192a99075d08,"[52, 2515]",Designing the People Process and Technology to Scale MLOps at a Financial Services Company,2023-07-14
e85bcfef6aa7f9a07d09::c0000,e85bcfef6aa7f9a07d09,[53],Disruption to technology services on Friday 14 July,2023-07-14
a35c246dcfe101d64398::c0000,a35c246dcfe101d64398,"[54, 1188]",SIOS Technology Announces Partnership with ACP IT Solutions Expanding the Benefits of its High-Availability Software Solutions,2023-08-14
15774cb2902b53ca2c86::c0000,15774cb2902b53ca2c86,[55],Best Live TV Streaming Services of 2023,2023-03-18
6c91d123cdb297893857::c0000,6c91d123cdb297893857,[60],Q2 2023 Information Services Group Inc Earnings Call,2023-08-05
4a5ece26c71755e738e5::c0000,4a5ece26c71755e738e5,[61],Synchronoss to Showcase AI-Powered Personal Cloud Platform at Mobile World Congress,2023-02-22
8ecf4ce50cdb9e1668f9::c0000,8ecf4ce50cdb9e1668f9,"[77, 1872, 4390]",Revolut to stop crypto services for U.S. customers,2023-08-04
02b7a49553dc80f91d36::c0000,02b7a49553dc80f91d36,[78],Crexendo Inc.: Crexendo Adds Jenne Inc. as New Technology Services Brokerage Partner,2023-04-19
010961eb682056387a7b::c0000,010961eb682056387a7b,[79],Ridgewood Infrastructure and IDE Technologies Announce Water PPP with the City of Ft. Lauderdale,2023-02-21
59ebf0e3885e83fd79ad::c0000,59ebf0e3885e83fd79ad,"[102, 2521, 4362]",Trade Spotlight | Your strategy for HDFC Bank L&T Technology Services HPCL today,2023-09-23
ba628bbda42255b0d9ba::c0000,ba628bbda42255b0d9ba,"[103, 4615]",AGC Biologics and Gore Collaborate on New Protein A-based Purification Technology and Contract Manufacturing Services for Antibody Therapies,2022-12-12
7c832fa65237766a510d::c0000,7c832fa65237766a510d,[105],Leading liquid-handling technology and services pave the way for ESG initiatives,2023-09-22
3acf91fa1cba81196a4f::c0000,3acf91fa1cba81196a4f,[106],Kyndryl Bridge provides new way to manage technology services,2023-07-21
96393fa8bd0a0335e01b::c0000,96393fa8bd0a0335e01b,"[107, 4444]",Biden administration names Ann Lewis director of GSA’s Technology Transformation Services,2022-12-05
1ba4b79c714f0914e1c3::c0000,1ba4b79c714f0914e1c3,"[109, 1822, 4468]",The best video streaming services in 2023,2023-06-01
e28df7ff499bbf8102fa::c0000,e28df7ff499bbf8102fa,[110],Condition Monitoring Service Market Navigation Imaging and Positioning Solutions Market,2023-06-09
76654526ef932aa6a687::c0000,76654526ef932aa6a687,[114],B.S. in Computer Information Technology,2023-04-13
e1800fff2098e06ea128::c0000,e1800fff2098e06ea128,"[115, 3895]",Internet & Technology,2023-07-06
864f30b4e143c94bc84a::c0000,864f30b4e143c94bc84a,[116],Computer and Information Science Summer Courses,2023-06-29
288050c63180d1bf4471::c0000,288050c63180d1bf4471,"[117, 1826]",Human Services Technology,2023-06-28
dc400ff5cb95652a0154::c0000,dc400ff5cb95652a0154,[118],Privacy in the Digital Age: Your Ultimate Guide,2023-10-12
4dc317ad873f8236bd48::c0000,4dc317ad873f8236bd48,[119],Citi launches token service for institutional clients,2023-09-26
5914c7e5aa848e9d6b95::c0000,5914c7e5aa848e9d6b95,[120],LeanTaaS Acquires Hospital IQ to Create AI Innovator for Hospital Operations Optimization,2023-01-10
5b04fd7ed747279e38aa::c0000,5b04fd7ed747279e38aa,[121],Synechron Completes Integration of Payments Services and Solutions Provider Attra,2023-01-10
b89ff866019579d332f3::c0000,b89ff866019579d332f3,"[122, 175, 202, 280, 665, 666, 672, 748, 933, 1174, 1422, 1429, 1451, 1481, 1743]",Synergia Energy Share Chat,2023-08-27
4da5aa4f443bcaad999c::c0000,4da5aa4f443bcaad999c,[123],Sensory Processing and Emotional Regulation,2023-08-27
aa3cde4c449ee47d7ae1::c0000,aa3cde4c449ee47d7ae1,[125],ATS Corporation Acquires Life Science Digitalization Solutions Provider Odyssey,2023-07-19
0d8a5ca4c97e750d7891::c0000,0d8a5ca4c97e750d7891,"[126, 2893]",ITS Helpdesk Winter Break Information,2022-12-16
3a76b31b81939716924c::c0000,3a76b31b81939716924c,[127],Prolucent and UKG Announce Technology Integration Partnership,2023-09-06
fa8ba1b9efcdb6e2b7e9::c0000,fa8ba1b9efcdb6e2b7e9,"[128, 3783]",Here Are the Best Game Subscription Services,2023-10-04
e145a7e288a863cd292f::c0000,e145a7e288a863cd292f,[129],Artificial intelligence (AI) in Blockchain Technology and Bitcoin,2022-12-06
08afe5a79fb678858660::c0000,08afe5a79fb678858660,[130],Boom Or Bust: What Are Synchrony Financial’s (NYSE:SYF) Future Prospects?,2023-06-10
c259995406d9db5e1edf::c0000,c259995406d9db5e1edf,"[131, 2952, 4377]",Stericycle Chief Financial Officer and Chief Information Officer Janet Zelenka Wins 2023 Bronze Stevie® Award for Technology Executive of the Year,2023-05-30
b1c56cfd737147f52d96::c0000,b1c56cfd737147f52d96,"[132, 3778]",Spot fraud fast with identity theft protection services that offer up to $1 million in insurance,2023-04-01
88b80edf93fc29ef8c61::c0000,88b80edf93fc29ef8c61,"[133, 2482]",“Data Provokes Thought And Changes Lives”—Here’s How Technology Can Enhance Equity,2022-12-29
87c219c70125f560ed55::c0000,87c219c70125f560ed55,"[134, 2576, 4429]",Bioremediation Technology and Services Market Size [2023-2029] | Industry Share Growth Factor Revenue And Trends Outlook Report,2022-12-18
2f641b24f52a668a8cd5::c0000,2f641b24f52a668a8cd5,"[135, 2447, 3698]",Information Technology,2023-09-06
1c9bcedc7849127a4515::c0000,1c9bcedc7849127a4515,[136],He’s helping pick Chicago’s next police superintendent. Here’s what he learned when he was robbed at gunpoint.,2023-05-02
8f344b312569355fc905::c0000,8f344b312569355fc905,[137],What are Technology Services?,2023-04-15
0f3a0a1ecbdbd5ec7485::c0000,0f3a0a1ecbdbd5ec7485,"[138, 3443, 4353]",Selected Information Technology Stocks Ranked By Value,2023-04-13
dc43c8fbe6b8fac16c25::c0000,dc43c8fbe6b8fac16c25,[139],NaaS Technology Inc. Announces Appointment of Alex Wu as Chief Financial Officer President and Director,2022-12-31
2f5bb265ac4654818e2c::c0000,2f5bb265ac4654818e2c,"[140, 3108, 3904]",Jio Fiber services restored after outage across the country,2022-12-28
3e46e83dd06623025ff8::c0000,3e46e83dd06623025ff8,"[141, 2483]",New Mastodon site dedicated to technology news and information launches – technews.social,2022-12-28
8411a6bde10856e0bd9b::c0000,8411a6bde10856e0bd9b,"[142, 4894]",Is technology making music more accessible?: A closer look at how AI transforms the way we experience learn and create music,2022-12-28
3329cec85e6d447eaa3e::c0000,3329cec85e6d447eaa3e,[143],Combating propaganda: Information warfare in the sea services,2023-04-17
59a177769f72af7f7e03::c0000,59a177769f72af7f7e03,[144],BS Information Science & Technology,2023-04-17
ea0ff5c98c0cf412b3d4::c0000,ea0ff5c98c0cf412b3d4,[145],Revenue: Oyo leverage technology to block leakages,2022-12-19
1fba3994d3811493057c::c0000,1fba3994d3811493057c,"[146, 2497]",Mercans acclaimed by top global analysts as a leader in payroll technology for its excellence,2022-12-28
cf4003a4545c9aa592bb::c0000,cf4003a4545c9aa592bb,[147],First Orion Hiya Join Neustar TNS to Unify Enterprise Call Vetting,2022-12-28
3faf26ade97181e0cab8::c0000,3faf26ade97181e0cab8,[148],Fidelity National Information Services Inc. seen as activist investor target,2022-12-15
2d50c2b0296bd92e8e3c::c0000,2d50c2b0296bd92e8e3c,[150],Freshworks Unveils AI-Powered Customer Service Suite with Freddy Generative AI Integration,2023-08-07
04e316c6a7d63db35f68::c0000,04e316c6a7d63db35f68,[151],Eseye named as a Visionary by Gartner® in the 2023 Magic QuadrantTM for Managed IoT Connectivity Services Worldwide,2023-02-01
7cfe79e00a3e9c8e464d::c0000,7cfe79e00a3e9c8e464d,"[152, 3119, 3734]",Fidelity National Information Services Inc. declares $0.52 dividend,2023-07-21
cd86f0582badf5763078::c0000,cd86f0582badf5763078,"[154, 1832, 3878]",NEC Ibérica and NEC Laboratories Europe advance data space and 5G technology research with a smart campus for the University of Murcia,2022-12-06
3a15bc80939524ad72bb::c0000,3a15bc80939524ad72bb,[156],KPI Solutions Expands with New Atlanta Office,2023-06-05
ce0851b6cadfb80c1994::c0000,ce0851b6cadfb80c1994,[157],Nintendo Has Started Server Maintenance That Might Make Services Unavailable,2023-03-13
d5571d1a99e2a6bae657::c0000,d5571d1a99e2a6bae657,[159],Specialist Firms Synthetik Applied Technologies LLC and Saleria LLC Announce Merger,2023-05-02
52012ff941e67a312e7a::c0000,52012ff941e67a312e7a,[160],Celonis and Tech Mahindra Strengthen Their Global Partnership to Bolster Process Excellence Initiatives for Customers,2023-02-16
dcaa0ba4dc9d6a046c47::c0000,dcaa0ba4dc9d6a046c47,[161],Synopsys TSMC team up to help clients accelerate 2nm chips designs,2023-05-17
a77912d276770308083b::c0000,a77912d276770308083b,[162],Star Micronics showcases cloud receipt order and food label printing solutions at Food Hotel Tech 2023 Paris,2023-03-13
a48dbf4cf78b301f4b50::c0000,a48dbf4cf78b301f4b50,[164],Dr. Ambedkar Memorial Institute of Information Technology and Management Science Rourkela,2023-04-18
91a5c2d9570d0e30e586::c0000,91a5c2d9570d0e30e586,"[165, 3292]",‘Embrace technology and outskill your competition’,2023-02-26
3094a18e7bef2344b9e9::c0000,3094a18e7bef2344b9e9,[166],As Generative AI Gets Hotter KKR Bets on Keeping Data Centers Cool,2023-05-02
afa460521a47500e5cbe::c0000,afa460521a47500e5cbe,"[167, 2907, 3527]",Video Game Technology Tapped to Medically Train Astronauts for Future Moon and Mars Missions,2023-02-15
db880eb9d919ec7a8d4c::c0000,db880eb9d919ec7a8d4c,[168],ServiceNow (NOW): New Buy Recommendation for This Technology Giant,2023-05-17
f84ac92ab251dac0f775::c0000,f84ac92ab251dac0f775,[169],Syzygy Plasmonics Selects Emerson to Automate Electrification of Chemical Production Processes,2023-05-15
3e64798c2c35d0961f48::c0000,3e64798c2c35d0961f48,[170],IFI Techsolutions Recognized as a Microsoft Azure Expert Managed Service Provider,2023-05-15
b4e3dc760015d5780d59::c0000,b4e3dc760015d5780d59,"[171, 2183, 3909]",Technology Services (CITE),2023-05-01
a4ce343fd26d5486b92b::c0000,a4ce343fd26d5486b92b,[173],Synchronis Finds Its Niche: Applying Tech Innovation With a Craftsman-like Touch,2023-01-04
69178d0227a0ff6c4b24::c0000,69178d0227a0ff6c4b24,[176],Promising Remote Patient Monitoring solution PolsoTM Achieves 1st FDA Clearance,2022-12-06
080cbdd6dc6839342dd7::c0000,080cbdd6dc6839342dd7,"[178, 3727]",U.S. Department of Health and Human Services (HHS): Definition,2023-01-01
b5de24c91721bcb30175::c0000,b5de24c91721bcb30175,[179],Smart Eye Signs Breakthrough Deal for AIS Driver Monitoring System for Fleets with Linde,2023-06-26
556c05b537020f26df1d::c0000,556c05b537020f26df1d,[181],Integrated Electrical Services: Fiscal Q4 Earnings Snapshot,2022-12-06
41510df17f67eb2b10c1::c0000,41510df17f67eb2b10c1,[182],Tech Media & Telecom Roundup: Market Talk,2023-05-12
e86196d31eb0986fa614::c0000,e86196d31eb0986fa614,"[184, 2359, 4328]",Best Information Technology ETFs Right Now,2023-06-27
4d42e5edae8062ac4e9e::c0000,4d42e5edae8062ac4e9e,"[185, 2223, 4457]",Global Bioremediation Technology And Services Market Report 2022-2028: Demand In Mining Petroleum Farming & Nuclear Power Fuels Growth,2023-03-07
2054c02698cbfe9f368f::c0000,2054c02698cbfe9f368f,[186],Technology Research Services Market Analysis Report 2023-2030 | 104 Pages Report,2023-08-12
8cb5c1310686ab3c6610::c0000,8cb5c1310686ab3c6610,"[187, 2181, 3954]",The best credit monitoring services that can help you spot fraud early,2023-04-01
ab0567f8454209e12a74::c0000,ab0567f8454209e12a74,[189],Microsoft and Viasat announce new partnership to deliver internet access to underserved communities globally,2022-12-14
e6efbc933a00910d21e3::c0000,e6efbc933a00910d21e3,[190],It’s time for managed services to start delivering for users,2023-07-11
4c6f08a82c9708dfcae1::c0000,4c6f08a82c9708dfcae1,"[192, 938]",Systems Solution Inc. Opens New Company Headquarters and Depot Services in Wayne PA.,2023-03-15
3d4947e0e02dfb5a1d79::c0000,3d4947e0e02dfb5a1d79,"[193, 3430, 3862]",IT & BPM Industry in India,2023-08-16
48dc6b04ae5440c5bd59::c0000,48dc6b04ae5440c5bd59,"[194, 2045, 3951]",Should You Hold Stewart Information Services (STC)?,2023-10-13
d2764a7cf270e130cd3c::c0000,d2764a7cf270e130cd3c,[196],Technology Research Services Market Development Outlook 2023-2030: Business Strategies with Growth Insights and Emerging Trends,2023-09-19
27e51f577b1b6251fab8::c0000,27e51f577b1b6251fab8,[197],Data Innovations Announces New Generation of Lab Productivity Software with Instrument ManagerTM 2023,2023-07-20
ca0bc5ac79dba805b424::c0000,ca0bc5ac79dba805b424,"[198, 628, 3081]",Management of Information Technology MSc,2023-09-01
285eb8c683228854ad5c::c0000,285eb8c683228854ad5c,[199],Bioremediation Technology & Services Consumption Market Size And Forecast to 2031,2023-09-18
3cf22182b7eaccb5a0f1::c0000,3cf22182b7eaccb5a0f1,"[200, 1813, 4190]",Information Technology Policies,2023-07-15
2ad4028b8379d3aec544::c0000,2ad4028b8379d3aec544,[201],3 Safe Haven Information Technology Stocks,2023-07-14
6d001258cf78c3920633::c0000,6d001258cf78c3920633,[203],Oakmont Capital Services Wins ELFA’s 2023 Ops & Technology Excellence Award,2023-08-18
4126c5c63d7b92e0c377::c0000,4126c5c63d7b92e0c377,[204],Drug Information Response Center,2023-09-02
b52483b2ce28460aeae8::c0000,b52483b2ce28460aeae8,[206],Ransomware Attack Disrupts Health Care Services in at Least Three States,2023-08-05
140bafc5a49de9a7723a::c0000,140bafc5a49de9a7723a,[207],All about the Bachelor Of Business Information Technology (BBIT) course,2023-09-01
27f7725ad0a285050f7b::c0000,27f7725ad0a285050f7b,"[209, 1179, 1231, 1787, 3835]",Information Technology (IT) Equipment and Supplies,2023-08-03
716b8c530e4e7e54a7cc::c0000,716b8c530e4e7e54a7cc,[210],Unlock Health Launches Novel Healthcare Technology and Services Platform to Transform How Healthcare Companies Drive Growth,2023-04-21
69df014f3e0340881795::c0000,69df014f3e0340881795,[217],SymphonyAI Summit a Leader in ISG's Provider LensTM Evaluation for Enterprise Service Management - Software 2023,2023-03-29
0c76d429c16fe7311611::c0000,0c76d429c16fe7311611,[218],Revolutionizing Control Rooms: IHSE USA Showcases Advanced KVM-Tec Solutions,2023-07-20
a828f9984e985154c549::c0000,a828f9984e985154c549,[220],The Worldwide System Integrator for Industrial Automation Industry is Expected to Reach $35.5 Billion by 2027,2022-12-14
da81cdced735978d0bd9::c0000,da81cdced735978d0bd9,"[264, 2826, 4998]",Converge Technology Solutions Corp. Announces Houlihan Lokey Capital Inc and Canaccord Genuity Corp as Co-financial Advisors,2022-12-12
4641ac01389d56393ad5::c0000,4641ac01389d56393ad5,"[265, 2796, 3707]",L&T Technology Services and Qualcomm Selected by Thales for Enabling 5G Private Networks in Urban Railways,2023-02-23
34f6b2b2c5b01ae2b6e2::c0000,34f6b2b2c5b01ae2b6e2,"[266, 4137]",Start Campus Announces Partnership with Colt Technology Services,2023-09-26
6d0abb3358f263d4b378::c0000,6d0abb3358f263d4b378,[267],Apogee Acquires Cumulus Technology Services,2022-12-16
e805f44187c743e1c228::c0000,e805f44187c743e1c228,"[268, 2298, 3701]",General Information Technology,2023-07-21
2f13ad3b3b18a4506e3d::c0000,2f13ad3b3b18a4506e3d,[269],Wilmington startup raises millions to grow its Web3 platform,2023-08-25
eed5a2c84c7f2121dcbb::c0000,eed5a2c84c7f2121dcbb,"[270, 1802]",Industrial Services Market Size Information Technology and Competitive Landscape,2023-09-28
b82e11950b2cb57e71d2::c0000,b82e11950b2cb57e71d2,[271],DBusiness Daily Update: Hollywood Casino at Greektown to Open Market Express with Amazon Technology and More,2022-12-15
f0a624fe3e94929b6803::c0000,f0a624fe3e94929b6803,[272],Keysight and Synopsys Partner for IoT Device Cybersecurity,2023-09-21
862d413293f3f7571701::c0000,862d413293f3f7571701,[273],Broadband services development: Monetising underutilised assets of power companies,2023-04-17
afbab6a35f82359573ad::c0000,afbab6a35f82359573ad,"[274, 1877, 1914, 2327, 4374]",Human Services Technology: Mental Health AAS,2023-07-08
ab25753bcd781e69dba8::c0000,ab25753bcd781e69dba8,[275],Client Needs Drive Service Expansion ALC Survey Finds,2023-10-09
484712b0f8177dc0e095::c0000,484712b0f8177dc0e095,[276],o9 Solutions Announces Hyderabad Office and Strategic Partnership With Telangana Government to Develop World-Class Supply Chain Talent,2023-08-27
c8cdf6cb0566becb9048::c0000,c8cdf6cb0566becb9048,[277],Computing and Information Technologies,2023-08-13
c49e3ea60da0281baaf1::c0000,c49e3ea60da0281baaf1,[278],Shipsy Completes Stockone Acquisition and Expands Product Portfolio for Holistic Fulfillment and Logistics Management,2023-10-26
5cd1f1e58c75d4e5664d::c0000,5cd1f1e58c75d4e5664d,[279],Youtility UK Fintech Switching Platform Acquired by Squeeze an American Price Comparison Service to Help UK Consumers With Cost of Living Crisis,2023-10-26
dd20fd861d2793cc0125::c0000,dd20fd861d2793cc0125,[281],Community equipment assistive technology and adaptation services,2023-04-03
9abb262d00a6d7681016::c0000,9abb262d00a6d7681016,[282],What are the emerging trends and innovations in LEO SATCOM technology and services?,2023-04-03
2e8588b961f8f7d8cb1c::c0000,2e8588b961f8f7d8cb1c,"[284, 2036, 4642]",Launch of new sustainable technology products and services agreement,2023-10-12
18a58d588a95a38e48d3::c0000,18a58d588a95a38e48d3,"[285, 4011]",Technology & Innovation,2023-10-14
df78ed081aeb12eb2de8::c0000,df78ed081aeb12eb2de8,[286],AI gains momentum in core financial services functions,2023-07-13
6523cb65291714a0ea81::c0000,6523cb65291714a0ea81,[287],Best VoIP Services (April 2023),2023-04-03
5dc72a5e05c9aaeee2b8::c0000,5dc72a5e05c9aaeee2b8,[288],Sensormatic Solutions by Johnson Controls shares 2022 U.S. Super Saturday shopper traffic insights,2022-12-19
9666bf4c093a72b5e181::c0000,9666bf4c093a72b5e181,"[290, 2203, 3521]",L&T Technology Services Ltd,2023-09-06
2cf24835e80dcc91be05::c0000,2cf24835e80dcc91be05,"[291, 2178]",The Impact Of Technology On Medical Billing Services,2023-04-14
52602215fa5402717b81::c0000,52602215fa5402717b81,[295],Synchrony (SYF) Solidifies Ties Offers Perks for TCS Clients,2023-06-09
20adf1eb0564b961e139::c0000,20adf1eb0564b961e139,"[296, 2364, 4657]",Technology: The cornerstone of financial services reform,2023-05-27
7b4a8d2a1c267c1f9197::c0000,7b4a8d2a1c267c1f9197,[297],Syxsense Launches Conference to Explore Intersections of Emerging Technology Security and Management Industry and Elevate Customer Perspectives,2023-06-06
afd6f60ecadf5cdf7f03::c0000,afd6f60ecadf5cdf7f03,[298],Pavion Acquires K&J Integrated Systems,2023-07-18
a3d48eba98fa48008f55::c0000,a3d48eba98fa48008f55,[299],ServiceM8 initiative hits $1 million of iPhones for tradies,2023-04-16
3888b2640286f217b1fe::c0000,3888b2640286f217b1fe,[301],Assistant Professor / Associate Professor / Professor Information Technology and Engineering,2023-04-03
0a7d9ffaa0a5a7784ce4::c0000,0a7d9ffaa0a5a7784ce4,"[302, 1967, 2468, 2816, 2960, 3297, 3341, 3434]",Tech Media & Telecom Roundup: Market Talk,2023-05-31
f6bf1895145ce0b288a1::c0000,f6bf1895145ce0b288a1,[306],Smart device users warned as technology takes and sends personal information,2023-09-06
37263a5c9ecbc66df134::c0000,37263a5c9ecbc66df134,"[307, 2295]",L&T Technology Services Selected as Strategic Engineering Partner to Airbus for Advanced Capabilities and Digital Manufacturing Services,2023-01-20
82639690c6f0f9db3de3::c0000,82639690c6f0f9db3de3,[308],Top 10 technology and ethics stories of 2022,2022-12-29
cdc0c8a69601a5bb0add::c0000,cdc0c8a69601a5bb0add,[311],Synechron and VisionGroup Partner to Leverage dataSense,2023-07-12
99442cca6235d3c24c1d::c0000,99442cca6235d3c24c1d,"[312, 1790, 3528]",Information Technology Outlook feat. Hawaiian Telcom,2023-01-27
6fb9a761ee63493dd20d::c0000,6fb9a761ee63493dd20d,[313],Ceinsys Tech Ltd: A specialized GIS & Mobility engineering services provider celebrates 25 Years of Enhancing Possibilities; eyes global expansion,2023-07-10
e510e4aadccb97517f9a::c0000,e510e4aadccb97517f9a,[314],Service and parts forecast cloudy with a dose of confidence,2023-02-01
f701d49ebfba8493e560::c0000,f701d49ebfba8493e560,"[315, 2828, 4107]",3 Stocks to Watch From a Promising Technology Services Industry,2023-07-20
6acbe69dc8d5695b6df6::c0000,6acbe69dc8d5695b6df6,[316],Y2 Solution Announces Plans for the EV Fast-Charging Infrastructure Expansion in the US,2022-12-19
bac9c938eb129e85481f::c0000,bac9c938eb129e85481f,[317],Yonyou Auto Information Technology (Shanghai) Co. Ltd.,2023-06-09
5f953290bc1096b776d8::c0000,5f953290bc1096b776d8,[318],Eye on Restaurants: Inspire Turns to Fiserv; Shift4 Picks SkyTab Rescue Mission Winners,2023-09-27
d4c1c85c1583f57f6347::c0000,d4c1c85c1583f57f6347,[321],Apple sees sales slump continuing shares drop 2% despite beating sales expectations,2023-08-04
0e9bf99e9465ceb427e5::c0000,0e9bf99e9465ceb427e5,[364],Y9 introduces new services,2023-10-09
dacf76ee644dc1f754ab::c0000,dacf76ee644dc1f754ab,"[365, 1830]",Information Services Corporation Non-GAAP EPS of C$0.51 revenue of C$53.3M,2023-08-03
2f9f3f13800307facbd7::c0000,2f9f3f13800307facbd7,"[366, 2524]",AP Open AI agree to share select news content and technology in new collaboration,2023-07-13
86640f2ba4634a47363f::c0000,86640f2ba4634a47363f,[367],Sensormatic Solutions unveils AM Sheet Labels at NRF PROTECT 2023,2023-06-07
35a778d9c8ab9a87045f::c0000,35a778d9c8ab9a87045f,[368],CCAC offering free computer information technology classes,2023-09-02
2724a288498b6d3bdd9e::c0000,2724a288498b6d3bdd9e,"[370, 4691]",How the EU Digital Services Act affects Facebook Google and others,2023-08-25
8fa6290e956872a48b52::c0000,8fa6290e956872a48b52,"[371, 3111, 3876]",Technology and Social Justice; the chasm in between,2023-02-04
c925fafbe0cc86f15886::c0000,c925fafbe0cc86f15886,"[372, 3930]",Is composable business most essential technology trend to meet challenges of 2023 and beyond?,2023-02-08
0d20cc94f8414b70cdf1::c0000,0d20cc94f8414b70cdf1,"[375, 2588]",The role of CIOs data and technology in delivering sustainability for organizations,2022-12-15
6fb1a7a8e87091f7ea18::c0000,6fb1a7a8e87091f7ea18,[376],Long waits for service and frustrated staffers how archaic technology hurts Missouri government,2023-01-27
6b2696a224c26fbf1c1e::c0000,6b2696a224c26fbf1c1e,[377],Atos named a Leader in mainframe services and solutions by Information Services Group,2023-07-20
8919144b3a9a4b0fceb3::c0000,8919144b3a9a4b0fceb3,"[378, 4405]",Information Technology Services,2023-08-25
77d55a2d9cc7feb68b55::c0000,77d55a2d9cc7feb68b55,"[379, 4692]",General Motors to close information technology center near Phoenix and eliminate 940 jobs,2023-08-24
8171e48f230191217da2::c0000,8171e48f230191217da2,[380],Wednesday Sector Laggards: Railroads Information Technology Services,2023-01-25
576263d9a206efce9951::c0000,576263d9a206efce9951,[381],YSG''s first participation at WCD with two major brands,2023-07-28
8be68b8e6afc8b3f066e::c0000,8be68b8e6afc8b3f066e,[382],How GSA’s Technology Transformation Services is Harnessing Change in Tech Modernization,2023-05-24
a6b5d9aadeb411f1f7e3::c0000,a6b5d9aadeb411f1f7e3,"[383, 2301, 4430]",10 Biggest Technology Companies,2023-05-23
7a4953b5e0e1015df21a::c0000,7a4953b5e0e1015df21a,"[384, 2293, 4329]",New IDC Industry Taxonomy Reveals That Software and Information Services Capital Markets and Life Sciences Will Lead Worldwide ICT Spending Growth Through 2027,2023-09-21
6de916f0f160d58bfe8c::c0000,6de916f0f160d58bfe8c,[386],LoRaWAN IoTLogIQ and Industry 4.0: Senzary''s Finger on the Pulse of Industrial IoT,2023-01-24
5e34171e7a07e952fb66::c0000,5e34171e7a07e952fb66,"[387, 1948, 3520]",Nigeria to become global outsourcing hub for information technology services – Ngige,2023-07-21
632e91f7b2ce8bccf7ad::c0000,632e91f7b2ce8bccf7ad,[388],Air Force Turns to ‘Non-Traditional Suppliers’ for Technology Tools & Services; Hon. Andrew Hunter Quoted,2023-07-20
e7d3233cb1c73160b757::c0000,e7d3233cb1c73160b757,[391],Google services to offer more accurate information in compliance with EU,2023-01-27
dec0a13f91aac90c5825::c0000,dec0a13f91aac90c5825,[392],Sensory Enabling Technologies are Radically Reshaping the Future of Digital Retail,2023-06-07
a95628bf6b368a42f50f::c0000,a95628bf6b368a42f50f,[393],Onfido selfie biometrics integrated by Salesforce as KYC signup pace sustains,2023-05-05
809b337a488d409aeebb::c0000,809b337a488d409aeebb,[394],Focusing On Growth: Synergy Sustainability And Customer Loyalty In Foodservice,2023-05-05
8e74089254231622e67f::c0000,8e74089254231622e67f,[395],SDC23: Samsung and Aqara Partners to Demonstrate Presence Sensor FP2 on SmartThings Platform,2023-10-05
43752eb2e5fd5d691aff::c0000,43752eb2e5fd5d691aff,"[398, 2078, 4788]",CNET's Editors' Choice Awards: The Best Products and Services for 2023,2022-12-31
30944bce7f13f6dec4d4::c0000,30944bce7f13f6dec4d4,[399],European Research Council Synergy Grants,2023-06-12
f81b96eefa7099fc26b5::c0000,f81b96eefa7099fc26b5,[400],Wireless sensors for lifelong monitoring of aircrafts,2022-12-14
7baff7febc1d31e4aac5::c0000,7baff7febc1d31e4aac5,[402],Introduction of advantages of Bimeh.com products and services,2023-03-01
08c25f62fc8756574cad::c0000,08c25f62fc8756574cad,"[403, 4140]",Department of Computing and Information Sciences Ph.D.,2023-03-10
d6faed7a10a27bb275b0::c0000,d6faed7a10a27bb275b0,"[404, 676, 1828, 2479, 4950]",12 Best Information Technology Services Stocks to Buy,2023-05-12
cca02e1f49b42201f89a::c0000,cca02e1f49b42201f89a,[405],News tagged with information technology,2023-08-28
b9e593d53640130d3351::c0000,b9e593d53640130d3351,[408],Technician programmes to equip Qatari nationals with necessary skills in information technology and emergency,2023-07-19
6e40057ed1f2e9a95b19::c0000,6e40057ed1f2e9a95b19,"[409, 2904, 4121]",Fidelity National Information Services (FIS) Tops Q1 Earnings and Revenue Estimates,2023-05-02
d945db971905f052117c::c0000,d945db971905f052117c,[410],May services economy activity remains on growth track reports ISM,2023-06-05
553e2e93ecb3270576ba::c0000,553e2e93ecb3270576ba,[411],Deloitte and ServiceNow Expand Alliance to Integrate Now Assist Generative AI Capabilities With Next-Generation Managed Services,2023-10-26
18ab2fc6fd5d763413fb::c0000,18ab2fc6fd5d763413fb,[413],Opsys Tech to Display LiDAR-Integrated Intelligent Automotive Taillight Solution Co-Developed with South Korean Auto Supplier SL Corp.,2023-01-03
4baeafad911013db617a::c0000,4baeafad911013db617a,[414],Why Law Firms Should Be Using SIEM Logs to Manage Data Security Threats,2023-05-25
e8c0cce3bdabbffa3e48::c0000,e8c0cce3bdabbffa3e48,[415],OneSoft Report Results of AGSM and Grant of Stock Options,2023-05-26
a6389a9a06d32a4571bc::c0000,a6389a9a06d32a4571bc,"[416, 3533]",Information Technology,2023-05-18
9f5b7b385f6748e4fbd1::c0000,9f5b7b385f6748e4fbd1,[417],Pre-Arrival Information,2023-07-18
7b4153c9e5480b6fd5cb::c0000,7b4153c9e5480b6fd5cb,"[418, 2185]",Barrington Research Reiterates Information Services Group (III) Outperform Recommendation,2023-05-26
e320c70f981315be71bf::c0000,e320c70f981315be71bf,[419],BPO/ITES Supervisor Careers – National Information Technology Authority-Uganda (NITA-U),2023-05-27
3ec34182a6528e6b1a28::c0000,3ec34182a6528e6b1a28,"[420, 2837]",What is Information Technology? Definition and Examples,2023-05-22
8da4874e733b208a388d::c0000,8da4874e733b208a388d,"[421, 1859, 3731]",INFORMATION AND COMMUNICATION TECHNOLOGY(ICT,2023-05-19
3eddb71af2df58726cc0::c0000,3eddb71af2df58726cc0,[464],Information media and telecommunications industry,2023-03-07
172e83d703ef626f2fae::c0000,172e83d703ef626f2fae,"[465, 2377, 3543]",Information Technology,2023-05-19
b0a28b3dc0f210f16659::c0000,b0a28b3dc0f210f16659,[466],Learning in Ithaca? There's an app for that.,2023-08-24
316cce272f4b89a8d57d::c0000,316cce272f4b89a8d57d,[469],Ryan Specialty Signs Definitive Agreement To Acquire Socius Insurance,2023-05-23
0f6d4e4adf2d07bf10d9::c0000,0f6d4e4adf2d07bf10d9,[470],Search Solution Group in Charlotte expands into sports entertainment recruiting,2023-06-22
f56c0c98acb5354dc7a7::c0000,f56c0c98acb5354dc7a7,[471],L&T Technology Services Joins Forces With Palo Alto Networks as MSSP Partner for OT Security Offerings,2023-06-30
e93f02356b92e4b74f02::c0000,e93f02356b92e4b74f02,[473],Relationship-led approach to managing service providers in 2023,2023-02-28
a5cd4f777b5e6de0ccba::c0000,a5cd4f777b5e6de0ccba,[474],Innovative Industrial's Loan Style Leases Are Struggling,2023-01-20
227c54cd86a22035492b::c0000,227c54cd86a22035492b,"[475, 3686]",LEAP23 announces investments of more than $9bln to support future technology and startups,2023-02-06
d279589da2561d9a5328::c0000,d279589da2561d9a5328,"[476, 4195]",Addressing Value Defects From Wasteful Services Through Health Technology Assessment,2023-03-06
881261354294469b4719::c0000,881261354294469b4719,[478],What is Business Information Technology?,2023-04-29
57bd8a21285b6b24a654::c0000,57bd8a21285b6b24a654,"[479, 4172]",School board decides to outsource technology services,2023-06-30
422205f32a73bc2dbdae::c0000,422205f32a73bc2dbdae,[480],HID introduces Technology Partner Program for mobile solutions,2023-05-23
4ae1b510e7c90cb6ed53::c0000,4ae1b510e7c90cb6ed53,[481],Gaming Network Oasys Onboards Japan Conglomerate SoftBank as Network Validator,2023-02-16
c9607ba638d6671e80c5::c0000,c9607ba638d6671e80c5,"[482, 1798]",Truescope Acquires US Firm Universal Information Services,2023-02-01
175117b41963e7dee221::c0000,175117b41963e7dee221,[483],NTT Data Payment Services implements Facctum anti-financial crime technology,2023-05-15
d2907b565cbcd83c3fb9::c0000,d2907b565cbcd83c3fb9,[484],Vehicle Rental Information,2023-06-30
0259ae2004a32d789525::c0000,0259ae2004a32d789525,[486],O.W.L. Launches New xSource AI Software Solution at ISC West in Las Vegas,2023-03-30
4057cdeb5e66f5a9483a::c0000,4057cdeb5e66f5a9483a,[591],The promise (and pitfalls) of self-service automation in customer service,2023-09-20
b2b0f47ce54ad236952c::c0000,b2b0f47ce54ad236952c,"[593, 2569, 3515]",Information Technology,2023-08-09
78142de11ab2a3b867b8::c0000,78142de11ab2a3b867b8,"[594, 2458, 4225]",Global Bioremediation Technology and Services Market Report 2022-2028: Demand in Mining Petroleum Farming & Nuclear Power Fuels Growth,2023-03-07
7b245136f82033f60f70::c0000,7b245136f82033f60f70,"[595, 2257, 4643]",Should You Sell Fidelity National Information Services (FIS) Now?,2023-02-16
7795aa89c2997c132ee8::c0000,7795aa89c2997c132ee8,[596],Doug Twitchell Ph.D.,2023-04-03
8b1576ab7cf5e9036702::c0000,8b1576ab7cf5e9036702,[597],Four Steps To Self-Service Data Governance Success,2023-01-20
d6907e9e2bb448278005::c0000,d6907e9e2bb448278005,"[598, 2039, 3879]",Primoris Services Appoints New Chief Information Officer,2023-02-10
603efb121a51f58f2c34::c0000,603efb121a51f58f2c34,[599],New Buy Rating for ServiceNow (NOW) the Technology Giant,2023-05-18
f663837ce2398f1b62c7::c0000,f663837ce2398f1b62c7,[600],Ge Jun: TOJOY Association for Science and Technology Is an Innovative Uniter of Enterprise Science and Tech,2023-04-20
c1316e1cf623292f49e1::c0000,c1316e1cf623292f49e1,"[602, 2822, 3868]",Friday Sector Laggards: Services Technology & Communications,2023-06-16
58c32647ac336f56605a::c0000,58c32647ac336f56605a,"[603, 2945, 3867]",CSA’s Enterprise Architecture: Technology Solution Services (TSS),2023-06-16
68973223f2ce14e7190f::c0000,68973223f2ce14e7190f,[604],Life science synergy,2023-06-14
fb10960e56636d176a9e::c0000,fb10960e56636d176a9e,[606],New Investments Fuel NYMBUS'' Expansion Pioneering the Future of Financial Services and Technology,2023-05-04
f30e97c5b47dec7177af::c0000,f30e97c5b47dec7177af,[607],To provide information about Cloud services and infrastructure: SSAC FOI response,2023-05-05
e711913096a9fe599a27::c0000,e711913096a9fe599a27,[609],Oman Ministry of Transport Communication and Information Technology Omantel and Huawei host Oman Huawei ICT Academies conference,2023-04-07
9a5c506abf9986ed21a3::c0000,9a5c506abf9986ed21a3,[610],Get 23% off the Garmin InReach Mini satellite communicator at Amazon today,2023-04-04
90983668b2671f979aac::c0000,90983668b2671f979aac,[611],Environmental Gas Sensor Technology Finds Opportunities in the Smart-Building and Automotive Markets Reports IDTechEx,2023-10-03
0bdc46533b56ee79cb32::c0000,0bdc46533b56ee79cb32,"[612, 2825, 4337]",What is EU’s new Digital Services Act and how will it impact non-EU regions?,2023-08-26
885ffc470dcb58fe4740::c0000,885ffc470dcb58fe4740,"[613, 2601, 3723]",3 Stocks to Watch From a Promising Technology Services Industry,2023-02-14
52c696626f60ebb6baa2::c0000,52c696626f60ebb6baa2,[614],Ivy Tech Seymour partner on high school career events,2023-10-08
923be7ef9dec1c11638c::c0000,923be7ef9dec1c11638c,"[615, 2291]",INFORMATION TECHNOLOGY AND URBAN GOVERNANCE - PROCEEDINGS OF A SYMPOSIUM OTTAWA 1976,2023-09-22
27e2ed830e960ef05ce2::c0000,27e2ed830e960ef05ce2,[616],Apple has been racketeering to protect its stolen services technology inventor accuses,2023-04-17
8ed6cba6240310753459::c0000,8ed6cba6240310753459,[617],Viral Clearance and Viral Testing Services Global...,2023-02-16
033c0f0b4926f146bbcb::c0000,033c0f0b4926f146bbcb,[619],Infosys Recognized as Number One Service Provider Across the United Kingdom in the Whitelane Research and PA Consulting IT Sourcing Study 2023,2023-05-17
5b6c682bad925aaac29a::c0000,5b6c682bad925aaac29a,"[620, 3005]",Like Anything Else in the Law Technology Requires Balancing Risks and Rewards,2023-02-07
99213744c014193cc1d6::c0000,99213744c014193cc1d6,[621],$59 million information technology upgrade for BGSU,2023-02-25
099a3ecd629eda5fcbab::c0000,099a3ecd629eda5fcbab,[622],Lumen Taps Syndio to Advance Workplace Equity and Transparency,2023-03-08
d059d246d36fea614371::c0000,d059d246d36fea614371,"[624, 2619]",Library Technology Services: Organization Management and Assessment,2023-09-13
5aadea3cc85d19e7bba1::c0000,5aadea3cc85d19e7bba1,[626],PDF Solutions Inc. (NASDAQ:PDFS) Q3 2022 Earnings Call Transcript,2022-12-29
7dd4e98ad913af721ca5::c0000,7dd4e98ad913af721ca5,[627],Keeping Pace With Dispersed Technology: Legal Compliance and Operational Challenges,2023-02-03
b3867c865658f251c042::c0000,b3867c865658f251c042,"[630, 1783]",Inevitable blessings and curses of technology call for balance by Dave Anderson,2023-01-26
c73ef45f50f10dcf3bdd::c0000,c73ef45f50f10dcf3bdd,[631],Syntax Launches Two-sided Enterprise SaaS-based Solution to Accelerate Alignment and Adoption in Value-based Care for Healthcare Plans and Providers,2023-06-08
949a39dbc05df6e5cb91::c0000,949a39dbc05df6e5cb91,[632],Faster inclusive payment services to deliver widespread benefits: Das,2023-09-04
e72949d5733b18649d0b::c0000,e72949d5733b18649d0b,[633],4 Public Sector Technology Trends to Watch in 2023,2023-02-02
b2359f242266852830df::c0000,b2359f242266852830df,[635],SITA to Upgrade Technology and Services at 43 of India's Biggest Airports,2023-07-14
3a47676dcd6476dd7462::c0000,3a47676dcd6476dd7462,"[636, 2843]",Information technology,2023-07-13
565b444a6dfc2b806169::c0000,565b444a6dfc2b806169,[637],IDTechEx Outlines Emerging Sensor Types for Embedded Vision,2023-06-08
f6e714ac5d24ed9825bd::c0000,f6e714ac5d24ed9825bd,[638],Big Tech braces for EU Digital Services Act regulations,2023-08-24
83ba41bd62ad16c6b46e::c0000,83ba41bd62ad16c6b46e,"[639, 3102]",Telstra Broadcast Services Taps Grass Valley for Remote Workflows,2023-02-02
9cb047b76e63a300fd9f::c0000,9cb047b76e63a300fd9f,"[640, 2862, 3885]",Crowley Awarded Prime U.S. Contract Position for Technology Strategic Services,2023-02-02
93f51e8101c99ee4f66d::c0000,93f51e8101c99ee4f66d,[641],eologix sensor technology and Ping Services announce merger,2023-05-23
3d2e8ae855ad028b5003::c0000,3d2e8ae855ad028b5003,[642],Synchrony Financial (NYSE: SYF) Could Post A 25.05% Or More Growth,2023-05-06
2287bf6453dff48d0ac5::c0000,2287bf6453dff48d0ac5,[643],Low-code/no-code platforms and SaaS: the next evolution in clinical trial technology,2022-12-13
f1667f8e4959d32b9ceb::c0000,f1667f8e4959d32b9ceb,"[644, 2306, 3771]",Integral releases full Crypto Technology Solution for Banks Brokers and Hedge Funds,2023-01-20
1c1e7c07a8d0d37be0e7::c0000,1c1e7c07a8d0d37be0e7,[646],Institute of Information and Computing Sciences,2023-03-09
d3283380520d2370b092::c0000,d3283380520d2370b092,"[647, 4793]",Louisville emergency 911 call center experiencing 'high volume' of callers after storms,2023-03-03
0304ea2aa9bd55fd04cc::c0000,0304ea2aa9bd55fd04cc,[648],ServiceNow NVIDIA and Accenture Partner to Accelerate Generative AI Adoption for Enterprises,2023-07-27
3d59eb9d2fc44aa7b970::c0000,3d59eb9d2fc44aa7b970,"[649, 2238, 3726]",Leadership in Information Technology,2023-09-05
019524c6877f3e0611ca::c0000,019524c6877f3e0611ca,[650],Sypris Solutions Inc. (NASDAQ:SYPR) Q3 2022 Earnings Call Transcript,2022-12-28
4f4bc1fb7e4fb6abb11c::c0000,4f4bc1fb7e4fb6abb11c,[651],Lessen Acquires SMS Assist Signaling A New Era for Property Technology and Services,2023-01-25
121a007a39c74edd2b78::c0000,121a007a39c74edd2b78,[652],ServiceNow Stock Drops After It Beats Raises And Adds AI Services,2023-07-27
bf50fd137208c428efb1::c0000,bf50fd137208c428efb1,[653],Architectural Engineering Consultants And Related Services Global Market Report 2023: 5D Building Information Modelling Presents Opportunities,2023-06-05
d8e1c6095571d5a81267::c0000,d8e1c6095571d5a81267,"[662, 3149]",New Undergraduate and Graduate Student Information,2023-06-13
4f0a9e5bf5e036fa699c::c0000,4f0a9e5bf5e036fa699c,[663],Solvay names its specialties carve out Syensqo,2023-06-24
a660679d909ed99e717c::c0000,a660679d909ed99e717c,[664],AMAG Technology and Identity One Announce GSA FICAM Approval,2022-11-30
41972e1bcf96206cf39e::c0000,41972e1bcf96206cf39e,"[667, 2831, 4940]",4 Stocks From the Prospering Technology Services Market,2023-10-10
d1c86dead7c6a16f7843::c0000,d1c86dead7c6a16f7843,[669],12th annual Morris Hills Regional District 'Science and Technology Night' was a big success,2022-12-24
a5589aa060104b717854::c0000,a5589aa060104b717854,"[670, 2354, 4398]",STLCC groundbreaking taking place today for new financial services and emerging technology centers,2023-09-08
586645b02ff21f126cff::c0000,586645b02ff21f126cff,"[671, 2517, 3892]",Here’s who helped Elon Musk buy Twitter,2023-01-02
fc2966d0d9d66f2c5078::c0000,fc2966d0d9d66f2c5078,[673],Spyx Phone Tracker: Track and Monitor iOS Devices Remotely,2023-05-27
2ef4513f61082a14c8ee::c0000,2ef4513f61082a14c8ee,[674],What is Information and Communications Technology (ICT)?,2023-05-22
bc59586df2c52433f0be::c0000,bc59586df2c52433f0be,"[675, 1898, 3685]",Management Information Systems,2023-10-09
beb35ecfe79d20a3dad4::c0000,beb35ecfe79d20a3dad4,"[677, 4166]",Department of Air Force Information Technology and Cyberpower Conference brings thousands to Montgomery,2023-08-28
33b2731caaaa25224bfe::c0000,33b2731caaaa25224bfe,[678],Runtime Security Holds Software Supply Chain Together a Keynote with Sysdig''s Loris Degioanni,2023-01-26
fda1a27e05f1fbb80458::c0000,fda1a27e05f1fbb80458,"[681, 2193, 3829]",DB and ÖBB expand cross-border services,2023-09-08
18c94d57515f502f7587::c0000,18c94d57515f502f7587,[682],Information Services Group: Results Of Operations And Financial Condition Financial Statements And Exhibits,2023-05-25
aca076d749744f33358e::c0000,aca076d749744f33358e,"[683, 2839, 4443]",Latest Information Technology news,2023-08-27
a18ae0365a87f9533c1a::c0000,a18ae0365a87f9533c1a,[684],Ochsner Health uses iPhone technology to remotely monitor patients,2023-08-01
eaf731f6eb0c7feb0a20::c0000,eaf731f6eb0c7feb0a20,[686],Germany's Symrise makes $544 million bid for Swedencare,2023-06-05
53496d47bc88072a3141::c0000,53496d47bc88072a3141,"[687, 2355, 4945]",Diagnostic Radiological Services Inc Unveils Cutting-Edge Medical Technology,2023-10-11
2c3bc3387f1c69d357a7::c0000,2c3bc3387f1c69d357a7,"[688, 2606, 3941]",Reliance AGM 2023: From Jio True5G to Jio Smart Home Services here are key technology announcements,2023-08-28
e9f3f015786fc84935cd::c0000,e9f3f015786fc84935cd,[689],System Integration Services Market worth $665.6 billion by 2028 - Exclusive Report by MarketsandMarketsTM,2023-09-11
031c2fa4533451b8a072::c0000,031c2fa4533451b8a072,[690],Building Bridges Between Data Silos: Mayo Clinic Platform’s Ambitious Endeavor To Enable A Learning Healthcare System,2023-02-01
16ea8ba2844f7ff8b82f::c0000,16ea8ba2844f7ff8b82f,"[691, 2182, 3865]",The Biden administration wants more money and technology to prevent close calls between planes,2023-09-08
ddee9df289172c3c4854::c0000,ddee9df289172c3c4854,[740],SYNERGY QUANTUM SOLUTION LAB TO BE SETUP BY IIIT HYDERABAD IN PARTNERSHIP WITH SYNERGY QUANTUM INDIA LTD,2023-04-03
c092aeec2d2b15a0397a::c0000,c092aeec2d2b15a0397a,[741],Information technology and moral philosophy,2023-07-17
9689b0f83bfa6fb65ad6::c0000,9689b0f83bfa6fb65ad6,[742],Minding Our Elders’ semi-annual roundup of caregiver and elder-friendly products services and technology,2023-07-01
8265fc5c610cb5d5279e::c0000,8265fc5c610cb5d5279e,[745],TECHNOLOGY AND INNOVATION IN NIGERIA: TRENDS CHALLENGES AND OPPORTUNITIES,2023-03-18
ea5d681603f71bd14604::c0000,ea5d681603f71bd14604,[749],APRA creates new technology and data division,2023-02-01
6bd8403c15f06b4cf4c5::c0000,6bd8403c15f06b4cf4c5,[752],Knowledge 2023 - ServiceNow looks beyond general purpose generative AI to domain-specific use cases,2023-05-18
25e9b81bf8178b2921f8::c0000,25e9b81bf8178b2921f8,[753],In presence of NSA Ajit Doval India US enter major technology partnership,2023-02-01
17d98f9474ba6606db7b::c0000,17d98f9474ba6606db7b,[756],BroadStar Selects IP Infusion's OcNOS® Disaggregated Solution to Replace Traditional Hardware Switches for MDU Residential Access Applications,2023-03-01
df65a8b52a969372acd3::c0000,df65a8b52a969372acd3,"[757, 4170]",Best Streaming Services of 2023,2023-07-12
384bdf0109ea615740a1::c0000,384bdf0109ea615740a1,[758],Educational trends that will make 2023 a powerhouse of skilling and technology,2023-01-18
edefe4207029f7c1573d::c0000,edefe4207029f7c1573d,"[759, 1810, 4921]",Zoomcar appoints Ashu Singhal as chief technology and product officer,2023-01-10
8f0259e6f0775222f226::c0000,8f0259e6f0775222f226,[761],Claroty Announces Vulnerability Response Integrations with ServiceNow Service Graph Connector,2023-03-16
e680c292df2c2f6c426c::c0000,e680c292df2c2f6c426c,[762],Southern Indiana-based tech startup raises nearly $5M expands client base,2023-05-19
28a72f04ef3e32b5ee96::c0000,28a72f04ef3e32b5ee96,"[763, 1779]",U.S. says decentralized finance services being used for illicit transfers,2023-04-06
d4c62a5e39cc417b392b::c0000,d4c62a5e39cc417b392b,[764],KYY Introduces X90A and X90 Triple Display Monitors Elevating Visual Experiences,2023-07-01
f5d00e839fe8f6f7841c::c0000,f5d00e839fe8f6f7841c,[767],Tiny magnetic tracking and sensing device uses magneto-mechanical resonators,2023-06-02
2ef074b2bbb16e1ba2ac::c0000,2ef074b2bbb16e1ba2ac,[768],Synkrato pairs warehouse digital twins with artificial intelligence,2023-03-15
98edbdaf17eb441c7b7d::c0000,98edbdaf17eb441c7b7d,[769],Syndio Partners with Broadridge for Pay Equity as Financial Services Sector Looks to Deliver on the “S” in ESG,2023-01-12
209d34fbb3c98c324238::c0000,209d34fbb3c98c324238,[770],Apogee Acquires Cumulus Technology Services Inc. to Enhance Managed Technology Services Leadership Position in Higher Education,2023-01-07
839cd8a043dced78320c::c0000,839cd8a043dced78320c,[771],Innovative Supply Chain Center Solution Launched in Illinois,2023-06-22
cbc4a3a4ed4c7c7b8497::c0000,cbc4a3a4ed4c7c7b8497,"[772, 4951]","The 33rd Special Seminar of School of Engineering '""Sustainable Digitalization in Infrastructure and Construction – a German Perspective'""https://firebasestorage.googleapis.com/v0/b/hackernoon-app.appspot.com/o/images%2Fimageedit_25_7084755369.gif?alt=media&token=ca7527b0-a214-46d4-af72-1062b3df1458""In this seminar Professor Klemt‐Albert the director of the ICoM – the Institute for Construction Management Digital Engineering and Robotics in Construction at RWTH Aachen University will present current research results in the field of sustainable ...",2023-05-22
bbbd5177071398f58757::c0000,bbbd5177071398f58757,[781],Infineon and Resonac expand cooperation,2023-01-12
55005bf92524f0fbbf7c::c0000,55005bf92524f0fbbf7c,"[782, 3682]",Alight launches new behavioral health navigation services aimed at supporting individuals and families with complex or severe needs,2023-06-08
26ebcf36f745da127847::c0000,26ebcf36f745da127847,[783],Financial service providers urged to prioritise technology customers,2023-07-04
7480b741ae72d4423f65::c0000,7480b741ae72d4423f65,[784],Global Managed Information Services Market Global Industry Analysis and Opportunity Assessment 2023-2030,2023-06-15
1b08a085c8cdc2d2d7d2::c0000,1b08a085c8cdc2d2d7d2,"[785, 3301, 3535]",Thursday Sector Leaders: Technology & Communications Services,2023-05-18
72c39e5248eea0a55862::c0000,72c39e5248eea0a55862,[786],Intelligent Alerts: Smart Smoke and Carbon Monoxide Alarms for Your Home,2023-03-21
4f5a7a81a503d146e1b5::c0000,4f5a7a81a503d146e1b5,[788],Athersys Expands IP Protection with First New Patent for SIFU(R) Technology,2023-02-28
d8334fc0226e0a5d513f::c0000,d8334fc0226e0a5d513f,[789],State Controlling Board Approves $806K in Funding for YSU,2023-05-09
13e0abd9eb57e7c03bcd::c0000,13e0abd9eb57e7c03bcd,[790],CharterSync launches game-changing end-to-end booking process and management system,2023-05-09
a666eae54760eaecf210::c0000,a666eae54760eaecf210,[791],OSI Systems Secures $14 Million Contract for Advanced Security Inspection Technology and Services,2023-08-17
4f475c9971a2814d907f::c0000,4f475c9971a2814d907f,[792],EQS-News: SYNLAB AG: SYNLAB invests in innovative Healthcare Centre in Florence,2023-06-28
88c01377a69b3b988394::c0000,88c01377a69b3b988394,"[794, 3126, 3716]",Do You Think Fidelity National Information Services (FIS)’s Current Valuation is Attractive?,2023-05-20
fbcad35df56ba73d45e7::c0000,fbcad35df56ba73d45e7,"[795, 2463, 4331]",Degrees & Pathways,2023-10-04
5637a27f5d5bd5efdcd1::c0000,5637a27f5d5bd5efdcd1,"[796, 2225, 4089]",Springfield Technology Park renovated space for new Massachusetts Department of Developmental Services location,2023-10-04
a1e0339f835c558f3938::c0000,a1e0339f835c558f3938,[798],UNESCO Access to Information Policy,2023-03-13
e2826ad47a34ed551574::c0000,e2826ad47a34ed551574,[800],Ordr Announces Integration with ServiceNow Service Graph Connector Program,2023-03-22
012c2c413aec68f5ca3e::c0000,012c2c413aec68f5ca3e,[801],Discover the Future of Hospitality Operations and Technology at The Venetian Las Vegas – June 27-29,2023-01-23
f3edc1aedcd2a06c941e::c0000,f3edc1aedcd2a06c941e,[802],IIIT Hyderabad partners with Synergy Quantum; launches Synergy Quantum Solution Lab,2023-04-04
21ca5d85a6409b9a368b::c0000,21ca5d85a6409b9a368b,[803],Tech workers had their pick of jobs for years. That era is over for now.,2023-01-07
b07637e9545603ea4e95::c0000,b07637e9545603ea4e95,[804],Samantha Rajapaksa joins EY Global Delivery Services as Sri Lanka Location & Consulting Leader,2023-05-18
4d1df3b4c9baa9a653df::c0000,4d1df3b4c9baa9a653df,"[805, 2089, 4658]",Investing in Tech Stocks,2023-02-17
fb60762312aeadc7c7f5::c0000,fb60762312aeadc7c7f5,[806],Using technology to improve government services,2023-04-03
17bd6976a5a6c1ff9a11::c0000,17bd6976a5a6c1ff9a11,[807],Keys to successful M&A technology integration,2023-02-08
b9759d58b7f2f88f68d8::c0000,b9759d58b7f2f88f68d8,[809],The key to future IT success is the switch to managing services not systems,2023-04-21
178c9967cadccdc02ba1::c0000,178c9967cadccdc02ba1,[810],Goods and Services Tax (GST): Definition Types and How It''s Calculated,2023-04-01
6113c4a896c47b97d1ec::c0000,6113c4a896c47b97d1ec,"[823, 4012]",Biz Technology Solutions and New Charter Highlight a Growing Trend in Managed IT Services,2023-04-24
0eb00244f28fb2d85f0f::c0000,0eb00244f28fb2d85f0f,"[824, 2038, 4626]",Technology for Seniors,2023-04-26
09339e1fdb31fa60be96::c0000,09339e1fdb31fa60be96,[826],Orion Innovation acquires Sryas Inc for an 'undisclosed sum',2023-02-17
d38ec675d050535a96a9::c0000,d38ec675d050535a96a9,[878],AutomationEdge and eAlliance Corp announced partnership for Hyperautomation solutions,2023-07-31
7a37ed07c7814a75b61c::c0000,7a37ed07c7814a75b61c,"[879, 4999]",Sullivan: Hackers ‘did not get any classified federal information’ from agencies,2023-07-17
4afc00976594f690734e::c0000,4afc00976594f690734e,[881],Best Web-Hosting Services for 2023: Top Hosting Providers,2023-05-16
b78ffdbae2902a28aade::c0000,b78ffdbae2902a28aade,[882],Biognosys and Bruker Form Partnership for Advanced Proteomics CRO Services for Global Biopharma and Biomarker Customers,2023-01-04
a0553c51d103e8915823::c0000,a0553c51d103e8915823,[884],Countries agree to extend digital services tax freeze through 2024,2023-07-17
ea98deb9fba5b3c428a4::c0000,ea98deb9fba5b3c428a4,"[885, 2827]",Information Services Group Inc. (NASDAQ:III) is a favorite amongst institutional investors who own 57%,2023-01-03
a2775ec3def05bff2c3f::c0000,a2775ec3def05bff2c3f,[888],L&T Technology Services shares jump 8% after Q4: Should you buy?,2023-04-27
880f86d7a3d708d2789f::c0000,880f86d7a3d708d2789f,[892],Sensormatic Solutions by Johnson Controls to Showcase Digital Solutions Enabling the Future of Retail at NRF 2023,2023-01-11
e1b095e8f1825325c1f2::c0000,e1b095e8f1825325c1f2,[894],R.A. Jones’ New iFTS—Intelligent Flexible Transfer System,2023-07-17
17a605fdad8668ffdcc0::c0000,17a605fdad8668ffdcc0,[895],EY gets new partners,2023-07-17
26b95d5f6a6f137f34e2::c0000,26b95d5f6a6f137f34e2,[896],Chiron Team Delivering Asset Recovery Services for Lost Crypto Assets Through Advance Technology Features,2023-02-27
d1c686e7e0dc94a5fc7e::c0000,d1c686e7e0dc94a5fc7e,[897],Service Express Acquires Data Center Support Provider ServIQ,2023-03-07
5f799b4f2bf7fbea8559::c0000,5f799b4f2bf7fbea8559,[898],9 Best Payroll Services For Small Business (2023),2023-10-02
36ffa4eb197969c185db::c0000,36ffa4eb197969c185db,[899],Stephens & Co. Reiterates Stewart Information Services (STC) Overweight Recommendation,2023-04-28
6ad61cac25c3eb0a3ff0::c0000,6ad61cac25c3eb0a3ff0,[900],RGB Spectrum working to expand it solutions base at ISC West 2023,2023-03-30
427c71f4f8966f261459::c0000,427c71f4f8966f261459,[902],Brain implant startup backed by Bezos and Gates is testing mind-controlled computing on humans,2023-02-18
b1a8445886877cbcbeda::c0000,b1a8445886877cbcbeda,[931],Logically’s New CEO: The Goal Is To ‘Transform Into A True MSSP’,2023-01-19
fbb38dd330ae177e09da::c0000,fbb38dd330ae177e09da,[936],STMicroelectronics Sanan Optoelectronics to Form $3.2 Bln China Joint Venture,2023-06-07
16f5f6f8fb9c04e284cf::c0000,16f5f6f8fb9c04e284cf,[937],Information technology and lawyers : advanced technology in the legal domain from challenges to daily routine,2023-07-25
47bfb1070405d3f2c15d::c0000,47bfb1070405d3f2c15d,"[940, 4608]",GSA names new Technology Transformation Services deputy director,2023-04-12
9938f796696bd0ccd0b2::c0000,9938f796696bd0ccd0b2,[941],Key Tronic Corporation Announces Second Quarter Reporting Date,2023-01-23
a63d86c062d6ddde0b66::c0000,a63d86c062d6ddde0b66,[942],Technology financial services and admin sectors rule India''s job market Linkedin data reveals,2023-07-05
e6b83824125d5c84c8d0::c0000,e6b83824125d5c84c8d0,"[944, 3384]",CereCore® expands healthcare technology services into the UK,2022-12-09
881ed4ee77ed02986947::c0000,881ed4ee77ed02986947,"[946, 2948]",OpenAI readies new open-source AI model The Information reports,2023-05-15
4aaf11a71c9c2574eee3::c0000,4aaf11a71c9c2574eee3,[947],L&T Technology Services,2023-07-07
ddbe1542d3ca096d8754::c0000,ddbe1542d3ca096d8754,"[948, 2368, 4367]",Wednesday Sector Laggards: Services Technology & Communications,2023-04-12
3792c2be7020d9af2148::c0000,3792c2be7020d9af2148,"[950, 3356, 3513]",NCUA Names Director of New Financial Technology and Access Team,2023-01-06
5674faad0708cbeb24e0::c0000,5674faad0708cbeb24e0,[951],AXIS Appoints Andy Maher as Head of Cyber and Technology London,2022-12-09
7a41c64dd02791d87457::c0000,7a41c64dd02791d87457,[952],FSi Strategies releases Get Help app for client support,2023-08-08
89d5b122f68201588311::c0000,89d5b122f68201588311,[953],Ares Management-backed CoolSys buys used asset recovery solutions provider 1GNITE,2023-08-08
1bc9a52d50949cef1591::c0000,1bc9a52d50949cef1591,"[954, 3294]",Information management and strategy – an executive guide,2023-03-25
6d8b04f2daddb0057ed8::c0000,6d8b04f2daddb0057ed8,[955],Self-Driving Car Services Want to Expand in San Francisco Despite Recent Hiccups,2023-02-02
b66a270143a2111e1e53::c0000,b66a270143a2111e1e53,[957],Increased Sensorability And Inventory Management In Healthcare,2023-06-30
2d1486b13d87d880195d::c0000,2d1486b13d87d880195d,[960],Esri Signs Agreement with Malta Providing Access to GIS Technology Training,2023-02-17
51acb79b62cb016d6728::c0000,51acb79b62cb016d6728,[984],Trust Your Supplier Signzy partner to revolutionize AI-powered digital onboarding identity verification,2023-10-17
9d1c47c0782e91e5c429::c0000,9d1c47c0782e91e5c429,[986],Is Technology The Key To Medical Resiliency In The U.S. Virgin Islands?,2023-01-24
ec71e509c2d614288f26::c0000,ec71e509c2d614288f26,[988],Elizabeth Rwabu marries technology and disability,2023-03-06
b88c3ddf751b586d8ebd::c0000,b88c3ddf751b586d8ebd,[989],Syndio joins London Stock Exchange Marketplace,2023-03-07
453cada0f7da4a7ed30f::c0000,453cada0f7da4a7ed30f,[992],Scottsdale-based property tech unicorn Lessen stretches reach nationally with acquisition of Chicago company,2023-01-12
163476e9bf130cbfc7aa::c0000,163476e9bf130cbfc7aa,[993],Reliance AGM: New Jio SmartHome services launched; sale of AirFiber to start from September 19,2023-08-29
f2da5755d0f6c7e65940::c0000,f2da5755d0f6c7e65940,[995],Artificial Intelligence Big Data and Policy,2023-05-17
36ad5047df81914cafdc::c0000,36ad5047df81914cafdc,[996],Refugees and technology: A path to empowerment,2023-01-25
d7b780c58882815f13ae::c0000,d7b780c58882815f13ae,[997],HII elevates new chief information officer,2023-01-24
e077fd8d5b865842e227::c0000,e077fd8d5b865842e227,[998],Cass Information Systems makes C-suite changes,2023-02-17
73359e3b41b54392d256::c0000,73359e3b41b54392d256,[999],The Role of Technology in Telehealth Billing Services,2023-03-13
4a218bd93ff556e26a1f::c0000,4a218bd93ff556e26a1f,[1000],Man on the Move: Information technology has put our privacy at risk,2023-02-06
22ed1b73a0025622cfe3::c0000,22ed1b73a0025622cfe3,[1001],3CLogic to Showcase New Platform for ServiceNow at Knowledge 2023,2023-03-16
89beeb0fced7760a346d::c0000,89beeb0fced7760a346d,[1002],Syniverse Named Leader in Mobile Roaming by Kaleido Intelligence for Third Straight Year,2023-10-16
201e7cb5c80db4f5bf0b::c0000,201e7cb5c80db4f5bf0b,[1003],Mediating Technology Disputes: The Why and the How,2023-01-04
4069f775783e193f300b::c0000,4069f775783e193f300b,[1004],Information Services Group Inc. (NASDAQ:III) is a favorite amongst institutional investors who own 57%,2023-01-03
372fae1fff0600ae114a::c0000,372fae1fff0600ae114a,[1005],Innovative EO technology being piloted for public services,2023-04-28
1f8970da6c5222794042::c0000,1f8970da6c5222794042,[1006],Information technology chooses Greensboro site for center,2023-01-13
c033888dfaa35ec7d37e::c0000,c033888dfaa35ec7d37e,[1008],ThermoGenesis opens shared lab space for immunotherapy medical startups,2023-10-27
929867203297f1dde50d::c0000,929867203297f1dde50d,[1009],BetMGM MLB Bonus Code: Secure $1K First Bet Offer for Any Game,2023-07-02
8f8599647f28eb12df50::c0000,8f8599647f28eb12df50,[1011],NCS Decries Low Adoption of Information Technology in Nigeria Calls for Reforms,2023-06-14
44bba0687598cab80c01::c0000,44bba0687598cab80c01,[1165],Wearable technology: Integrating science and medicine into sports training,2023-01-26
db784d41c6dd2f91e93e::c0000,db784d41c6dd2f91e93e,[1166],ILUS Defence Subsidiary Hyperion Defence Solutions Signs Exclusive Global Distribution Agreement for Revolutionary IED Detection Technology,2023-05-10
eb07cad60f73923f0a43::c0000,eb07cad60f73923f0a43,"[1167, 4419]",HCLTech: Supercharging Progress | Digital Engineering and Cloud,2023-07-29
d30013097a8301646c4c::c0000,d30013097a8301646c4c,[1168],African Countries Agree to harness technology for empowerment of women and girls,2022-12-06
64afc99dd1b558d0a293::c0000,64afc99dd1b558d0a293,[1170],LogicSource Announces Emerging Healthcare Leadership Team,2023-08-29
e270b0a79fd83ca5c25a::c0000,e270b0a79fd83ca5c25a,[1171],Syneos Health to be Acquired by a Private Investment Consortium for Approximately $7.1 Billion,2023-05-10
2b883e3a0f2aafd86884::c0000,2b883e3a0f2aafd86884,[1172],Service Providers: The Digital Link Between Industries Society & Enterprise IT,2022-12-13
04a85519dd1698adab79::c0000,04a85519dd1698adab79,"[1175, 4747]",Computer Information Technology,2023-08-15
511aba5d42c302b2f02c::c0000,511aba5d42c302b2f02c,[1176],Hywin Launches WealthTech Platform to Enhance its Services for High-Net-Worth Clients through Data Analytics by Leveraging IBM Technology,2023-04-08
a57e67e19d1c64d4888d::c0000,a57e67e19d1c64d4888d,[1177],What are some of the latest trends and innovations in VPN technology and services?,2023-04-07
cde6646e5f0d58fe6d29::c0000,cde6646e5f0d58fe6d29,[1178],Synoptek Appoints Ian Au-Yeung as Chief Revenue Officer,2023-04-10
caccf58270ae9f6df725::c0000,caccf58270ae9f6df725,[1180],Zane State offering college tech prep,2023-05-27
06412aab800da7defc3b::c0000,06412aab800da7defc3b,[1182],Robots Are Changing the Face of Customer Service,2023-03-28
109dddbbd53f1e67a208::c0000,109dddbbd53f1e67a208,[1183],Survival in the Skies: The Story of Stealth Technology,2023-03-30
4631f93c5237a4064ede::c0000,4631f93c5237a4064ede,[1185],This Week in Tech News: 10 Stories You Need to See,2023-06-23
76cef76f84eac30771be::c0000,76cef76f84eac30771be,[1186],Symbiosis integrates zkSync: ‘Natural evolution' of scaling solutions,2023-04-10
102b7bd619f116255ea2::c0000,102b7bd619f116255ea2,[1190],S.Korea''s Yoon calls strategy meeting to boost rechargeable batteries semiconductor sectors,2023-04-10
5cd808fa72aae29c6c6b::c0000,5cd808fa72aae29c6c6b,[1192],Key Tronic Corporation Announces Third Quarter Reporting Date,2023-04-24
4bebdfaab745821cb87e::c0000,4bebdfaab745821cb87e,[1193],Apple reportedly plans to cut out key services on iPhones running older software,2023-04-09
e3aab66723c57154b755::c0000,e3aab66723c57154b755,[1194],GMOs: Pros and Cons Backed by Evidence,2023-03-24
c7019a5f74744f14bfcf::c0000,c7019a5f74744f14bfcf,[1196],Wearable fitness trackers with sensing technology could interfere with implantable cardiac devices: study,2023-02-27
2a003a2a07304b08ab0b::c0000,2a003a2a07304b08ab0b,[1221],Robotics List shows continued strength of AI automation in the Pittsburgh region,2023-08-07
d79e9d0f0d8d0832c344::c0000,d79e9d0f0d8d0832c344,"[1222, 3134, 4001]",The Institution of Engineering and Technology (IET) successfully concludes IET Future Tech Congress 2022,2022-12-03
79cac1e62a8e811633c7::c0000,79cac1e62a8e811633c7,[1223],Global information technology and socio-economic development,2023-07-25
71067d12682e295b0808::c0000,71067d12682e295b0808,[1225],Oppenheimer & Co. Inc. Gathers Innovators for 26th Annual Technology Internet & Communications Conference,2023-08-08
ba32a5df9e52ae09fce0::c0000,ba32a5df9e52ae09fce0,[1226],SK Hynix reportedly to exert control over Solidigm,2023-03-15
5edb51d211f634a5e4fa::c0000,5edb51d211f634a5e4fa,"[1228, 2196]",ALTEN acquires Accord Global Technology Solutions an engineering services company based out of India,2023-08-02
496faae3fe49bf0e34d9::c0000,496faae3fe49bf0e34d9,[1229],Options Named Microsoft Solutions Partner for Security,2023-06-08
643a627d69793ac46528::c0000,643a627d69793ac46528,[1232],K2 Joins Salas O’Brien Expanding Technology and Acoustic Design Services,2022-12-21
fd659f69bfce4cec6e50::c0000,fd659f69bfce4cec6e50,[1233],Xenesis to send optical terminal to ISS platform,2023-08-07
f679a73268cc3ef94afc::c0000,f679a73268cc3ef94afc,[1234],State of the Security Industry 2022 - An Integrator's Perspective,2022-12-13
2ea4a4e0e5cd887137b9::c0000,2ea4a4e0e5cd887137b9,[1235],Trulioo Information Services Inc.,2022-12-21
8c5395e6948b3eff39b2::c0000,8c5395e6948b3eff39b2,[1236],Amazon’s main UK division pays no corporation tax for second year in a row,2023-05-31
476bcc111fec01099026::c0000,476bcc111fec01099026,[1314],Sym-Tech Dealer Services Acquires SSQ Dealer Services From Beneva,2023-02-23
22eb3223963c7052f47b::c0000,22eb3223963c7052f47b,[1315],Buy L&T Technology Services target price Rs 5210: Motilal Oswal,2023-10-18
5da809ea2c77b801c8e6::c0000,5da809ea2c77b801c8e6,[1316],Robotic food delivery now possible at SUNY Poly,2023-10-20
75ac4a709ba83093c451::c0000,75ac4a709ba83093c451,[1317],Odysight.ai to Showcase its Innovative Video Based Sensor for Transformative Insights at the 2023 International Paris Air Show,2023-06-12
e73a8051d267488a84ea::c0000,e73a8051d267488a84ea,[1318],Applied Digital Announces Successful Integrated Systems Test at Jamestown North Dakota Facility for HPC Deployment,2023-06-12
0a1cfd81816658e765dc::c0000,0a1cfd81816658e765dc,[1320],Waning demand for IT services hits hiring at Indian tech majors,2023-10-13
643031c37ed1b76c1318::c0000,643031c37ed1b76c1318,[1321],Synchrony and The Container Store Extend Consumer Financing Partnership,2023-06-12
3021c3323fe74d337091::c0000,3021c3323fe74d337091,"[1322, 2863]",Stewart Information Services Corporation Announces Second Quarter 2023 Earnings Conference Call,2023-07-17
1b93481f2ddd1b1ffdd1::c0000,1b93481f2ddd1b1ffdd1,"[1323, 1937, 4009]",How Data and Technology Can Improve Advising and Equity,2023-01-11
438ee06d3432880b3a9d::c0000,438ee06d3432880b3a9d,[1324],Stanbic IBTC’s financial technology subsidiary starts operation,2023-05-18
9c8a56402e5c97136128::c0000,9c8a56402e5c97136128,[1325],Problems You Can Avoid By Hiring a Managed IT Service,2023-06-01
c0f19a81d98e312ba1ab::c0000,c0f19a81d98e312ba1ab,[1326],Sensormatic Solutions by Johnson Controls collaborates with Zliide to reimagine self-checkout,2023-01-16
0d754584a2e259021792::c0000,0d754584a2e259021792,[1328],Yoon: Forced labor plan crucial for better ties with Japan,2023-03-07
a11ff780d5978b385b95::c0000,a11ff780d5978b385b95,"[1329, 2353, 4008]",SSA to look for information technology consultant,2023-02-16
65a6a376fb1cfe9cd367::c0000,65a6a376fb1cfe9cd367,[1330],Vodafone Idea could launch 5G services in India in June,2023-05-17
b9b59ca0f7c7f68d6388::c0000,b9b59ca0f7c7f68d6388,[1332],Talent Acquisition and Staffing Technology and Services Market Facts and Figures By 2031,2023-04-09
fb6b2afb5b8d943f8db6::c0000,fb6b2afb5b8d943f8db6,[1334],Longitudinal Care and Technology’s Role,2023-01-05
36aedb027ea2ce9efa45::c0000,36aedb027ea2ce9efa45,"[1336, 3100]",Microsoft services restored after a short outage,2023-01-02
7285f8db123bda21f89d::c0000,7285f8db123bda21f89d,[1337],Service Corporation (SCI) Benefits From Its Focus on Expansion,2023-04-05
763817effcd53283fd06::c0000,763817effcd53283fd06,[1338],Appknox CED Technologies to host webinar on how CISOs can build an API security program,2023-04-05
5578fec5ba4c09b29ccd::c0000,5578fec5ba4c09b29ccd,[1340],Tyler Technologies Acquires Computing System Innovations Bolstering its AI-Powered Portfolio for the Public Sector,2023-08-08
41701636778304178d70::c0000,41701636778304178d70,[1341],Three year delivery plan for maternity and neonatal services,2023-03-30
cab64ed188dd1f05fc3a::c0000,cab64ed188dd1f05fc3a,"[1342, 2175, 4348]",Amazon Web Services Scholarship increase to CCCC students pursuing degree in information technology and cybersecurity,2023-01-13
52e263f900e5fb96c9ee::c0000,52e263f900e5fb96c9ee,[1344],NCSC partakes in UN meetings on information technology,2023-07-31
eb6e883afb9a5b7bbb8a::c0000,eb6e883afb9a5b7bbb8a,[1345],Is there a disconnect between your service managers and technicians? Here’s how to fix it,2023-04-24
06f8bec7c64fa2df4d89::c0000,06f8bec7c64fa2df4d89,[1346],Help one phone call away: Kendall County 211 human services information hotline goes live,2023-02-12
1ae35aebe2e17128b360::c0000,1ae35aebe2e17128b360,[1347],YS Biopharma Announces Purchase of Shares by Company Officers,2023-08-24
2e01dcb973549c83f69b::c0000,2e01dcb973549c83f69b,[1348],Condition Monitoring and Maintenance Service Market Will Hold The Largest Industry Share Owing To The Rising Market Popularity In Global Countries,2023-01-12
d287525bf1d13875666d::c0000,d287525bf1d13875666d,[1349],JFrog Welcomes Seasoned Technology and Security Leader Aran Azarzar as Chief Information Officer,2023-03-31
e06b5098d9b768692078::c0000,e06b5098d9b768692078,[1351],U.K. acquisition supports TRG's international growth strategy,2023-04-06
d385030ad598d8e601a5::c0000,d385030ad598d8e601a5,[1353],Zayo Expands Global Infrastructure Connectivity with Fastest Direct Network From Manchester to New York,2023-04-13
957eab6a37e8850d10f9::c0000,957eab6a37e8850d10f9,[1355],3 Exceptional Tech Stocks to Start Your Year Off Right,2023-01-09
a6351378168a9efc5c91::c0000,a6351378168a9efc5c91,[1356],Syxsense Announces AI-Powered Cortex Copilot Bringing Natural Language Processing to Endpoint Management and Security Automation,2023-08-09
dc27b489e437a5b50fb6::c0000,dc27b489e437a5b50fb6,[1357],Only Four Days Left To Cash In On Information Services' (TSE:ISV) Dividend,2023-03-26
590f24ae7a79289484fb::c0000,590f24ae7a79289484fb,[1358],Hakimo AI Solution Completes Test and Evaluation by Safe Skies,2022-12-17
326f192e48162e49af4e::c0000,326f192e48162e49af4e,[1361],Library and Information Studies,2023-03-20
9f6b8bdf65162ef9b906::c0000,9f6b8bdf65162ef9b906,[1363],TRG Expands UK and European Operations with Acquisition of Symec Technologies,2023-04-06
5bf24e1b98964e817198::c0000,5bf24e1b98964e817198,"[1364, 1786]",Request for Information on Equitable Delivery of Climate Services,2023-07-19
7947fbb3765b0dafaf78::c0000,7947fbb3765b0dafaf78,[1365],Infosys Sales Outlook Disappoints After Slowdown Fears Mount,2023-04-13
370eb4bb0c56cf98d202::c0000,370eb4bb0c56cf98d202,[1370],ASEAN Safety Sensors and Switches Market Research Segmentation Key Players Analysis and Forecast to 2028,2023-06-12
04f3691b0018a0742bce::c0000,04f3691b0018a0742bce,[1371],Complete Solaria a Leading Solar Technology Services and Installation Company Completes Business Combination with Freedom Acquisition I Corp. and Will Commence Trading on ...,2023-07-18
72da43bd123d029e086e::c0000,72da43bd123d029e086e,[1376],Scottsdale hospitality company leverages AI to help people make social connections,2023-06-02
b1a47a9f7647ffd28660::c0000,b1a47a9f7647ffd28660,[1377],Synaptec receives substantial order from Proserv for offshore wind cable systems,2023-06-01
b5e3d0dc4087a7a9c8a9::c0000,b5e3d0dc4087a7a9c8a9,[1378],Managed services deals reach $125 bn in contract value,2023-04-21
d2969da7988b7645f04f::c0000,d2969da7988b7645f04f,[1379],TechSee Announces New Multi-Sensory AI For Service Automation Built on Integration between OpenAI's ChatGPT and TechSee's Computer Vision AI,2023-04-06
afa49817d6b5650af13e::c0000,afa49817d6b5650af13e,[1382],EY Global Delivery Services PH,2022-12-29
11034e7284d6b23bdf5e::c0000,11034e7284d6b23bdf5e,[1385],SynFutures Announces USD22M Series B and Launches V3 Perpetual Futures DEX with Proprietary Oyster AMM,2023-10-20
f6412588328b0ad42bf7::c0000,f6412588328b0ad42bf7,"[1388, 3103]",LT Technology Services: Bullish to Sideways,2023-07-17
b1646f7ba9a41b23eedd::c0000,b1646f7ba9a41b23eedd,[1389],Semester start technology message provides helpful information for OHIO instructors,2023-01-04
b9c661957a6607a9f715::c0000,b9c661957a6607a9f715,[1392],Lindsay Lohan Ne-Yo and Jake Paul and more charged for cryptocurrency violations,2023-03-23
e87bbe753317f9d6cb59::c0000,e87bbe753317f9d6cb59,[1393],3 Technology Solutions and Services to Optimize Care,2023-06-17
354ff425dea3cb8a8b72::c0000,354ff425dea3cb8a8b72,[1394],APICORP exits investment in oil services company Ashtead Technology,2023-07-10
61d5f4663964dad29f45::c0000,61d5f4663964dad29f45,[1395],IFS Connect 2023 - why talk about generative AI when robotics and connected manufacturing are ready for prime time?,2023-06-17
925c1b8aa7f983a736cb::c0000,925c1b8aa7f983a736cb,[1396],Expanding to Irving meant expanded capacity for this local nonprofit,2023-06-16
c594d3abc9870ce4ad35::c0000,c594d3abc9870ce4ad35,[1397],Seattle research software company Tyemill acquired by investment analytics firm,2023-04-19
575b37451409ad060995::c0000,575b37451409ad060995,[1399],Information technology (IT) in Italy,2023-10-25
6fe716106c1a88f53a51::c0000,6fe716106c1a88f53a51,[1400],Da Vinci Sales Drive Up Intuitive Surgical Shares,2023-04-19
dab17579b09955908405::c0000,dab17579b09955908405,[1401],iQor Symphony [AI] Drives Excellence in Customer Service and Compliance,2023-10-31
975931ab9d0af63ebe3d::c0000,975931ab9d0af63ebe3d,[1402],Nokia Graybar Partner to Introduce Autonomous Inventory Monitoring Service,2023-10-04
1a9ea224ffe9267e6ecb::c0000,1a9ea224ffe9267e6ecb,[1403],Anticipated Surge in Air Flow Sensors Market Projected to Exceed US$ 3.2 Billion by 2033 Fueled by a Consistent 3.5% CAGR,2023-10-19
af6e83f7b4e238a2b49b::c0000,af6e83f7b4e238a2b49b,[1405],Mouser Electronics Partners with Siemens on Distribution Agreement for Industrial Automation Solutions,2023-10-30
9c149ea2ae13a0fbcebb::c0000,9c149ea2ae13a0fbcebb,[1406],Report: Risks of facial recognition technology in schools likely outweigh the benefits,2023-08-26
5df5b69e44af30317946::c0000,5df5b69e44af30317946,[1407],Existing Space Sensors Show GMTI Technology Ready Prototypes Coming Soon,2023-04-19
c7593c739073a1bb769c::c0000,c7593c739073a1bb769c,[1408],Survey: U.S. Consumers Want Fewer Devices But More Tech Innovation,2023-09-07
ec7351bf9ed11e8b31ef::c0000,ec7351bf9ed11e8b31ef,[1409],Addressing modern challenges in digital health with sensors,2023-01-09
188c476a7ffce26b0b12::c0000,188c476a7ffce26b0b12,[1411],Make It Easy: Streamlining Your Way to Customer Service Success,2023-07-14
dbb30fa0508ecd926cf0::c0000,dbb30fa0508ecd926cf0,[1415],Smartify Robots - Critical Functions of Sensors in Robot Navigation Discussed by IDTechEx,2023-01-09
784e7c5c737f02807d61::c0000,784e7c5c737f02807d61,[1417],Zerify Announces Partnership with Global IT Solutions Aggregator TD SYNNEX,2023-06-21
d9813a787239e0b14c75::c0000,d9813a787239e0b14c75,[1420],Rotterdam’s telecommunications firm KPN acquires Youfone’s Dutch operations for €200M,2023-06-23
f385cd683ab4cdc58f78::c0000,f385cd683ab4cdc58f78,[1421],How to Fix the System Service Exception BSOD in Windows,2023-07-15
9eef8ea73e629a244e19::c0000,9eef8ea73e629a244e19,[1423],Tech Media & Telecom Roundup: Market Talk,2023-04-20
3e60838c4579aeb056ae::c0000,3e60838c4579aeb056ae,[1424],Synopsys Introduces the Industry's First Emulation System with Unmatched Capacity to Enable Electronics Digital Twins of Advanced SoCs,2023-04-13
d19a05a528a3daa75559::c0000,d19a05a528a3daa75559,[1425],Banning TikTok? Here’s everything you need to know,2023-04-03
7306f90ec711476cb9f3::c0000,7306f90ec711476cb9f3,[1427],RBC Capital Maintains Fidelity National Information Services (FIS) Outperform Recommendation,2023-07-10
8499499589f85daeef52::c0000,8499499589f85daeef52,"[1431, 3516]",Healthcare Information Technology Software Market Share Trends | 2023-2030 | Regional Status and Prospect,2023-08-11
cf02fdedca851b84e5fe::c0000,cf02fdedca851b84e5fe,[1432],Youth innovators explore global governance solutions,2023-07-16
c954cacde03df9214a85::c0000,c954cacde03df9214a85,[1435],ServiceNow Expands Generative AI Capabilities With Case Summarization and Text-to-Code to Drive Speed Productivity and Value,2023-07-26
c4b53a6992f75495e5a8::c0000,c4b53a6992f75495e5a8,[1436],ICZOOM Group Inc. Welcomes KUU & YONGYUTAI Onto Its Electronic Component E-Commerce Platform,2023-06-02
bc1b7e6590277adb3cf4::c0000,bc1b7e6590277adb3cf4,[1437],Capacitive Sensor Market is Anticipated to Expand at 6.2% CAGR from 2022 to 2032 | Future Market Insights Inc.,2023-06-02
9975bf5612f9099dcc8e::c0000,9975bf5612f9099dcc8e,[1438],Dublin-based IT staffing firm adds job-training offering with acquisition of Cincinnati software maker,2023-08-28
7adcdf298ae808aee4a2::c0000,7adcdf298ae808aee4a2,[1439],Novel Biosensor Developed To Detect Neurogenerative Disease Proteins,2023-07-17
02a2be22bec81c181886::c0000,02a2be22bec81c181886,"[1441, 3508]",Information Services Group (III) Declares $0.04 Dividend,2023-05-09
db61417f4dab2a15eb7d::c0000,db61417f4dab2a15eb7d,[1442],News tagged with health services,2023-03-22
5c7b67d428ca589a60ea::c0000,5c7b67d428ca589a60ea,[1443],IHI Power Services Corp. Wins Company of the Year at 28th Annual ACG Orange County Awards,2023-06-01
4b6cb4f7a69fb17dbdce::c0000,4b6cb4f7a69fb17dbdce,[1444],IRIS Software Group Brings Dedicated Outsourcing to Accounting Firms in the Americas,2023-09-05
d30eb896c95003949bda::c0000,d30eb896c95003949bda,[1445],IT services sector to witness revenue growth decline by 700- 900 bps in fiscal 2024,2023-03-31
70b7c7b0ad8f4cde3ecb::c0000,70b7c7b0ad8f4cde3ecb,[1446],Information Services Group Inc.,2023-07-05
e6b53199d1b74da4559a::c0000,e6b53199d1b74da4559a,[1447],Nuance says AI and NLP the route to address clinician burn-out,2023-06-18
67c031de0444409d99d5::c0000,67c031de0444409d99d5,[1448],Parks Associates: New Energy Devices Enable Real-Time Performance Consumers are Demanding,2023-03-30
50df26a1c4e56590d201::c0000,50df26a1c4e56590d201,[1449],How We Test Products and Services,2023-06-11
151e7aa9d6ba890d5143::c0000,151e7aa9d6ba890d5143,[1450],Technology and Love,2023-01-13
f800f2ca74950e72428c::c0000,f800f2ca74950e72428c,[1452],Information and Communication Technology Exhibition (HiTech) kicks off,2023-06-08
70e38e0b95433315eafd::c0000,70e38e0b95433315eafd,[1453],Sensience closing Cincinnati manufacturing facility laying off 42,2023-03-31
e3c617c999b90e1c9e05::c0000,e3c617c999b90e1c9e05,[1454],The world is finally spending more on solar than oil production,2023-06-16
7e315c9eeeaca44e14c3::c0000,7e315c9eeeaca44e14c3,"[1455, 4792]",Technology and Society: A double-edged sword,2023-01-14
f8f628ce7c0b9b52656a::c0000,f8f628ce7c0b9b52656a,[1456],Repairify Announces New asTech® All-In-One for Diagnostics Calibrations and Programming,2023-06-08
04a56f397b60ba44d789::c0000,04a56f397b60ba44d789,"[1459, 1867]",Stephens & Co. Maintains Fidelity National Information Services (FIS) Overweight Recommendation,2023-08-03
360f594bb927bb110bea::c0000,360f594bb927bb110bea,[1462],Keysight (KEYS) Synopsys Team Up for loT Cybersecurity Testing,2023-09-25
950e6bdc8229b4c50ecf::c0000,950e6bdc8229b4c50ecf,[1463],Smart Eye's AIS Driver Monitoring System Integrated with Geotab - Enhancing Road Safety and Optimizing Fleet Operations,2023-09-05
89e81162e6746d0fd4f5::c0000,89e81162e6746d0fd4f5,[1464],Information Technology and Telecommunications Guidelines for Federal Telework and Other Alternative Workplace Arrangement Programs,2023-08-20
dd7953453ae1816c67a5::c0000,dd7953453ae1816c67a5,[1465],Spectros Medical Devices Pioneers Tissue Monitoring Technology,2023-06-01
1c66abb8a327552344ab::c0000,1c66abb8a327552344ab,[1466],ServiceNow Inc. Poised for Solid 3Q Results Amid Robust Execution and Diverse Vertical Exposure: A Buy Recommendation,2023-10-18
be3518b3439442297c34::c0000,be3518b3439442297c34,[1467],Service1TM a Member and Provider Benefits Inquiry Management Platform by Simplify Healthcare Wins the 2023 Big Innovation Award,2023-01-19
53b616d5ef50320e5cd0::c0000,53b616d5ef50320e5cd0,[1468],Cyrusher Ranger e-bike review: Big powerful and a joy to ride,2023-01-19
517d3ac6a97a133afae7::c0000,517d3ac6a97a133afae7,[1469],AutoScheduler Joins the SAP.iO Foundry New York Supply Chain Management Program,2023-06-02
5afad5e60a19ea94489d::c0000,5afad5e60a19ea94489d,[1471],Progress Software security flaw leads to massive data theft,2023-06-06
576b48a1d53587f89c17::c0000,576b48a1d53587f89c17,[1473],In the new year AI will reshape the technology industry and its relationship with the masses,2023-01-04
e25ce9db5a2c101b4c16::c0000,e25ce9db5a2c101b4c16,"[1475, 3321, 3919]",Summer semester start technology message provides helpful information for OHIO instructors,2023-06-02
5f268fc68fc19b8530d8::c0000,5f268fc68fc19b8530d8,[1476],TD SYNNEX Datech Broadens Its Design Solutions Portfolio With Additional Specialist Vendors,2023-10-30
fec99849a6c9970a890d::c0000,fec99849a6c9970a890d,"[1477, 2518, 3893]",RBSE Class 10th Information Technology Syllabus 2023: Download New Syllabus PDF,2022-12-26
b32b6e4b0d6f8a73b844::c0000,b32b6e4b0d6f8a73b844,[1478],Blue Solutions and Foxconn collaborate on tomorrow's solid-state battery,2023-10-20
7a0813ae284f1b54d4c8::c0000,7a0813ae284f1b54d4c8,[1483],SysLogic CEO helps co-found new Madison-based cybersecurity consultancy,2023-10-03
5ae1a33cdd85b7abb412::c0000,5ae1a33cdd85b7abb412,[1485],YOHO Launched a New Model of Cross-Border E-Commerce Platform and Entered the Global 100+Countries Appliance Market,2023-01-09
8a4d5165b4451ff09277::c0000,8a4d5165b4451ff09277,[1487],Victim services,2023-04-06
df30e0029a77b9f5b933::c0000,df30e0029a77b9f5b933,"[1488, 3320]",Christina Mee Joins Insight Technology Solutions as Mission Services VP,2023-04-05
f275f71730087dbbc49f::c0000,f275f71730087dbbc49f,[1489],UKAEA and University of Sheffield partnership to drive fusion technology,2023-03-09
42e798be59dde1661983::c0000,42e798be59dde1661983,[1490],UST Partners with Hyro to Integrate Enhanced Conversational AI Capabilities into Digital Transformation Solutions,2023-10-04
584bae904dc4e83d3ad5::c0000,584bae904dc4e83d3ad5,[1492],Options' Integrated Solutions Fuel Tools for Humanity's Global Success,2023-10-04
00e1276ce4d646a146b2::c0000,00e1276ce4d646a146b2,[1495],Synchrony Financial (SYF) Falls -3.36% Causing Bears To Lose,2023-10-03
8cdeb9e5c1b256aa7e27::c0000,8cdeb9e5c1b256aa7e27,[1497],How Self-Service Automation Can be the Key to Success,2023-01-05
31335cd6d4626a956b73::c0000,31335cd6d4626a956b73,[1498],Five Signs Your Technology Service Provider Is Underperforming,2023-09-11
69e7fb169fd648de5684::c0000,69e7fb169fd648de5684,[1500],Using smart sensors to optimize bioreactor yields,2023-06-22
4dfc6411f8e9bbc6d7e3::c0000,4dfc6411f8e9bbc6d7e3,[1503],Integrated Electrical Services: Fiscal Q1 Earnings Snapshot,2023-02-04
be50796f320aad7393b2::c0000,be50796f320aad7393b2,"[1504, 3689]",International Master's Programme in Information Technology and Learning,2023-08-28
b512d03521cc2d669443::c0000,b512d03521cc2d669443,[1505],Synopsys Aims to Advance IC Design Workforce in Vietnam,2023-09-19
ff7fd9301b298bece2c1::c0000,ff7fd9301b298bece2c1,[1507],Automation Anywhere Recognized by Business Intelligence Group's 2023 Excellence with Customer Service Award,2023-04-17
d115a133c47418437342::c0000,d115a133c47418437342,[1509],Information Services Group Continues SaaS Software Growth,2023-06-01
e463f3e352f4136ccd93::c0000,e463f3e352f4136ccd93,"[1510, 3347, 3872]",Top 5 Information Technology Countries in the World,2023-06-09
af78f0c9840a24c614c0::c0000,af78f0c9840a24c614c0,[1511],"Syndio Partners with Broadridge for Pay Equity as Financial Services Sector Looks to Deliver on the '""S'"" in ESGhttps://www.bing.com/th?id=OVFT.O8VFzoyJfwkTZQ9TeVFRRC&pid=NewsGlobal Fintech leader will employ Syndio''s analytics platform to better measure achieve and prove meaningful and lasting equity in the workplace",2023-01-11
a2fa839b0816d0c96456::c0000,a2fa839b0816d0c96456,[1513],Information Services Group (ISG) Names Unisys a Leader in Public Cloud Report,2023-01-25
4418285b045a3cd09e7a::c0000,4418285b045a3cd09e7a,[1514],Two elected officials drafted legislation to regulate artificial intelligence technology — with some help from ChatGPT,2023-01-25
008ac56bd5e32b797b23::c0000,008ac56bd5e32b797b23,"[1515, 3720]",Jay Dominick will retire as VP for information technology and CIO,2023-08-11
0e3bd5b541d07ccd1e69::c0000,0e3bd5b541d07ccd1e69,[1516],AlarMax Distributors acquires Northern Sound & Light,2023-04-06
1dc28eb0fa56d9beb913::c0000,1dc28eb0fa56d9beb913,"[1518, 3693]",Friday Sector Laggards: Technology & Communications Services,2023-08-11
7131cf13449cb73fdbdb::c0000,7131cf13449cb73fdbdb,[1519],How Digitally Enabled Solutions Can Help with Healthcare Staff Retention,2023-05-19
bb99fce7a1943ddef1d6::c0000,bb99fce7a1943ddef1d6,[1521],Enterprise AI Solutions Provider Hyperscience Appoints Andrew Joiner as CEO,2023-04-30
ce074a208ed60eb1908e::c0000,ce074a208ed60eb1908e,[1522],Synchrono Group Selects KCC for Risk Modeling Applications,2023-05-22
328425bd641c3e06aa05::c0000,328425bd641c3e06aa05,[1526],ServiceMaster Restore Network Continues to Strengthen from Investments and Partnership,2023-05-04
63ef537971959d5b2fee::c0000,63ef537971959d5b2fee,"[1527, 4370]",We sit down with Aakanksha Bhargava CEO PM Relocations Pvt. Ltd.,2023-04-12
56c7500c3fa357416b32::c0000,56c7500c3fa357416b32,[1530],Marine Products Corporation to Participate in the Baird 2023 Global Consumer Technology and Services Conference,2023-06-06
f72df2f0b64e69806dd4::c0000,f72df2f0b64e69806dd4,[1532],Unlocking the potential of government services through technology,2023-02-16
41783ab4fc33225fa724::c0000,41783ab4fc33225fa724,[1533],Insurtech provider taps insurance ops head,2023-06-20
818ef9f5dd522f1f6e4b::c0000,818ef9f5dd522f1f6e4b,[1536],Outsourcing of Information Technology Services,2023-08-29
471a8e3ed1a30db01577::c0000,471a8e3ed1a30db01577,"[1537, 3287]",Friday Sector Leaders: Technology & Communications Services,2023-03-17
0edaf891dd9ce925223f::c0000,0edaf891dd9ce925223f,[1539],Lloyds Banking Group to set up new Technology Centre in Hyderabad,2023-06-21
3ba65432ecb634891d97::c0000,3ba65432ecb634891d97,[1540],Systango Technologies 2 other SME IPOs to open for subscription in March; full details,2023-02-28
44f7fa5bd9c667310a64::c0000,44f7fa5bd9c667310a64,[1541],Teledyne ACES Cabin Air Monitoring System Wins Crystal Cabin Award in Health and Safety Category,2023-06-08
277abe3dd12a126747d8::c0000,277abe3dd12a126747d8,"[1662, 4905]",Amazon cloud services back up after big outage hits thousands of users,2023-06-13
6454323081a1f7125faa::c0000,6454323081a1f7125faa,"[1663, 3390, 4434]","2023-2030 '""Information Technology Outsourcing (IPO) Market'"" Size Report of 126 Pageshttps://firebasestorage.googleapis.com/v0/b/hackernoon-app.appspot.com/o/images%2Fimageedit_25_7084755369.gif?alt=media&token=ca7527b0-a214-46d4-af72-1062b3df1458Information Technology Outsourcing (IPO) Market Innovation: Collaborating with other companies can lead to the development of new products services or technologies that can help to drive growth ...",2023-04-21
9aeafd3482f2315005f4::c0000,9aeafd3482f2315005f4,[1664],Leshi Internet Information & Technology Corp. Beijing,2023-04-21
1813846dcf748a896f64::c0000,1813846dcf748a896f64,[1665],China-Pakistan Science and Technology cooperation center inaugurated in Beijing,2022-11-28
4dff6d88e39d12d514f6::c0000,4dff6d88e39d12d514f6,"[1666, 2240]",Ministry introduces information-communication technology maps,2023-10-09
d8c1fd8406383cb79e8e::c0000,d8c1fd8406383cb79e8e,[1667],Austin-based defense company raises $55M for automated naval ships,2023-10-10
45f63b975cc08184a0f7::c0000,45f63b975cc08184a0f7,[1668],Snowflake beats quarterly estimates on strong demand for data management services,2023-08-23
51a491eb780672f31a0c::c0000,51a491eb780672f31a0c,[1670],Information Services provides FY 2023 outlook,2023-02-10
beebaaede24b7916af7a::c0000,beebaaede24b7916af7a,[1671],Layoffs by big tech give other sectors an opening,2023-07-09
023ee1b11c029700e40c::c0000,023ee1b11c029700e40c,[1672],Novacoast Is Deploying OpenAI Chatbot Technology To Its 400-Person Security Services Team,2023-02-09
632c29ceb11645ad2166::c0000,632c29ceb11645ad2166,[1673],E-ISAC Vendor Affiliate Program Marks One Year of Strengthening Our Grid's Defense,2023-10-19
3bec2ed4e330b60096f7::c0000,3bec2ed4e330b60096f7,[1674],The Unified Group Announces Service Unlimited Inc. as Recipient of 2022 Making the Difference Award,2022-12-07
24930cf595fd921a657f::c0000,24930cf595fd921a657f,[1710],EdTech Course Information,2023-08-21
8009bbf7fbc2682f9930::c0000,8009bbf7fbc2682f9930,[1711],Saviynt raises $205M and affirms that IAM must be cloud-friendly,2023-01-31
b5c76ba9acbf6439f58a::c0000,b5c76ba9acbf6439f58a,[1713],Business Information Services Market In-depth Analysis by Brands Regions Applications Types Forecast to 2030,2023-06-22
4b30a473f5e71ba3404e::c0000,4b30a473f5e71ba3404e,[1715],China Connect,2023-08-21
06ff8955a0947736472d::c0000,06ff8955a0947736472d,[1716],Zayo Supercharges Connectivity With Fully-Enabled 400G European Network,2023-09-26
ddfa289857ed3169c41b::c0000,ddfa289857ed3169c41b,"[1718, 1806]",Information systems and information technology articles from across Nature Portfolio,2023-09-27
2fc085bc0596067505f1::c0000,2fc085bc0596067505f1,"[1719, 3497]",DXC Technology Identifies Five Ways the Metaverse will Transform Lives and Business in the Next Five Years,2022-12-14
624bb7d9b1533606dcd5::c0000,624bb7d9b1533606dcd5,[1721],SoftwareOne Gets Multiple Acquisition Bids: Report,2023-10-14
5faed46702a4b0c97b1c::c0000,5faed46702a4b0c97b1c,"[1723, 3691]",Masters’ Union launches UG Programme in Technology and Business Management,2023-01-15
3cc15e21ac63c956edb3::c0000,3cc15e21ac63c956edb3,[1725],SYCN Auto Logistics unveils upgraded SYCN 3.0 platform,2023-10-12
aa445e4e42a47f4b1378::c0000,aa445e4e42a47f4b1378,[1726],ServiceNow extends its AI capabilities with Now Assist for Virtual Agent,2023-06-13
befb3284c6bfe66393dd::c0000,befb3284c6bfe66393dd,"[1727, 3392, 4113]",Trending Sports Technology Innovations Improving Sports Services,2023-02-10
ad1e5a83600d11616a71::c0000,ad1e5a83600d11616a71,"[1728, 3278, 4230]",Headphones: A beginner's guide to terminology and technology,2022-11-26
d9423cf38887a4de4d82::c0000,d9423cf38887a4de4d82,[1729],Optimizing Your Business Operations: The Power of a Managed Service Provider in Seattle,2023-04-27
e6124e5719dd00005972::c0000,e6124e5719dd00005972,[1730],Data collection initiative for persons with special needs launched in Yeku,2023-10-24
29bf0d3b421e15c08c7a::c0000,29bf0d3b421e15c08c7a,[1731],Yotta and Sunstone partner to offer commercial storage solutions,2023-04-25
ce00d3dfa0135d08f273::c0000,ce00d3dfa0135d08f273,[1732],Intetics Is Recognized as Inc. 2023 Power Partner Awards Honoree in the AI & Data Category,2023-10-25
f899cd03968124fb10c4::c0000,f899cd03968124fb10c4,[1733],Signet FCU and OMNICOMMANDER® Renew Their Partnership to Launch a State-Of-The-Art Digital Branch,2023-02-23
f4b41d9a96af04bff6cd::c0000,f4b41d9a96af04bff6cd,"[1734, 2910, 4117]",Beyond Silicon Valley Spending on Technology Is Resilient,2023-02-13
b6d6d051f598a7d6659a::c0000,b6d6d051f598a7d6659a,"[1736, 3132, 3900]",Health Information Technology (HIT),2023-06-22
2b112cec2413cd989b5c::c0000,2b112cec2413cd989b5c,[1737],Google agrees to provide clearer information on its services to EU users,2023-01-27
067f996fd2737c7bdf68::c0000,067f996fd2737c7bdf68,[1739],Smart Occupancy Sensor Knows All,2023-03-23
cdbba3db8d0d16b52a82::c0000,cdbba3db8d0d16b52a82,[1742],ServiceNow Unveils Generative AI Solution With Real-Time Conversational Experiences For Self-Service,2023-06-13
c51a7cfcfbb45f6fe4cc::c0000,c51a7cfcfbb45f6fe4cc,[1744],Levine Leichtman Capital Partners Portfolio Company Technical Safety Services Acquires Precision Air Technology,2023-04-12
b4f5e2380149831fcfc3::c0000,b4f5e2380149831fcfc3,[1745],Crisp® acquires Integral Group to expand supply chain visibility with EDI data and retail integrations,2023-01-31
40ba712d8c7c3e85b265::c0000,40ba712d8c7c3e85b265,[1746],Aeris to acquire IoT business from Ericsson,2023-01-10
4c46e1c57c530b964d97::c0000,4c46e1c57c530b964d97,[1747],India’s financial services industry needs hybrid cloud to fuel progressive technology modernization,2023-02-06
3fbd9a7c661c17e5500c::c0000,3fbd9a7c661c17e5500c,"[1749, 1866, 3719]",Information Technology Services,2023-08-11
b048f517229b9d9fa7cc::c0000,b048f517229b9d9fa7cc,[1750],Infographic: How a Glutamate Sensor Tracks Synapses,2023-09-08
2f7545c2b264425081aa::c0000,2f7545c2b264425081aa,[1752],Onyenso to leave UK plans to enter transfer portal,2023-04-07
86bbdded0f44edc3f0f0::c0000,86bbdded0f44edc3f0f0,[1753],DWF Labs Backs The Development of Sensorium’s Web3 Platform With SENSO Token Purchase,2023-04-06
2f15cfeb5f89bc194251::c0000,2f15cfeb5f89bc194251,"[1755, 4224]",Community involvement and technology are key to eliminating TB,2023-03-24
fb2d868d4203c8a5a5a3::c0000,fb2d868d4203c8a5a5a3,[1756],Global Hospital Services Market Report 2022: Proliferation of Healthcare Technology to Fundamentally Reshape Sector,2022-12-21
dd6fa69ca5b5a2c7a2ae::c0000,dd6fa69ca5b5a2c7a2ae,"[1757, 3730]",Edtech Market Innovations Technology Growth and Research 2031,2022-12-21
1f370d18706da072a8d3::c0000,1f370d18706da072a8d3,[1760],Samsung and CDW Connect Golf and Technology for Detroit Youth,2022-12-20
f27fcfc866fa630b676b::c0000,f27fcfc866fa630b676b,[1761],Smart Eye's Driver Monitoring System monitors vital signs,2023-07-07
a91ad1c4e27f13b778ac::c0000,a91ad1c4e27f13b778ac,[1762],Trends Transforming the Information Technology Industry in 2023,2023-06-22
c5dba689a46b12d285f2::c0000,c5dba689a46b12d285f2,[1763],SplitMetrics Unveils Bid Optimization Strategy Tools for Advanced Apple Search Ads Automation and Optimization,2023-03-23
b3ad92e647e7ec667184::c0000,b3ad92e647e7ec667184,[1767],Hawaii Information Technology Companies,2023-02-10
31c2597e350931a80f20::c0000,31c2597e350931a80f20,[1769],Eko Launches SENSORATM Cardiac Disease Detection Platform,2023-02-23
8ffdb7264d2878955416::c0000,8ffdb7264d2878955416,"[1770, 2908]",SC Ventures partners with Yabx to expand access to Financial Services in Africa,2023-02-13
2ea434751b607746c474::c0000,2ea434751b607746c474,[1772],Solvay and SYENSQO revealed as new company names,2023-06-19
53cfcecc6f4210806623::c0000,53cfcecc6f4210806623,[1773],OSI Systems receives $24M in orders for cargo and vehicle inspection systems and services,2023-10-17
b9004c8e3dc8631955c9::c0000,b9004c8e3dc8631955c9,[1774],L&T Technology Services extends relationship with PTC to offer digital manufacturing solutions for aerospace and defense sector,2023-06-22
94e7b7823dea56ec4c8e::c0000,94e7b7823dea56ec4c8e,[1775],Solis Technology’s Cutting-edge Development Services,2023-08-18
3b39deae97068425db56::c0000,3b39deae97068425db56,[1776],STOREDOT PARTNERS WITH VINES TO ACCELERATE THE DEVELOPMENT OF EXTREME FAST CHARGING (XFC) BATTERIES,2023-04-21
76df6fb6404b3f25c670::c0000,76df6fb6404b3f25c670,[1777],Samsung Showcases Groundbreaking Logic Innovations at System LSI Tech Day 2023,2023-10-05
2366fcfda5d6f77ff68e::c0000,2366fcfda5d6f77ff68e,[1778],Boxed Launches Spresso SaaS Solutions on Google Cloud Marketplace to Provide Data-Driven ...,2023-01-10
7787980c1f915424c1a6::c0000,7787980c1f915424c1a6,[1781],Here’s how technology and innovation are driving the growth of Arista Vault India’s first smart luggage brand,2022-12-02
76b966ae99e4911e1117::c0000,76b966ae99e4911e1117,[1782],Trinity Digital Technology Launches a Solution-Oriented Recovery Service in the Crypto Industry,2022-12-19
03cfebd0bce6fd7685b6::c0000,03cfebd0bce6fd7685b6,"[1784, 3884]",The top trends to impact tech providers by 2025 — Gartner,2023-02-05
4881165d6e7a444b17fc::c0000,4881165d6e7a444b17fc,[1789],Austin ''in the sweet spot'' to keep growing as a tech hub industry experts say,2023-01-03
86477dca59a266ffb99b::c0000,86477dca59a266ffb99b,[1791],Tech Providers Are Game Changers For SME Growth: TDCX Report,2023-04-25
77443cc499bae4a22a8a::c0000,77443cc499bae4a22a8a,[1792],Next-Gen Cloud Contact Center for dummies,2023-02-14
f5c96c0d5cdd093e1600::c0000,f5c96c0d5cdd093e1600,[1793],Rackspace Security Incident Causes Thousands To Lose Email Service,2022-12-05
bc3ab5f7e9ed303d9f81::c0000,bc3ab5f7e9ed303d9f81,[1795],Josh Naylor’s 2 home runs and 6 RBIs lead Guardians to 10-1 rout of Pirates and Mitch Keller,2023-07-19
2a5a2e1b18c48213c602::c0000,2a5a2e1b18c48213c602,[1797],Global Survey Reveals Cloud as Preferred Deployment Method for Addressing Existing Labeling and Supply Chain Challenges,2023-02-14
a3fee73f2b55992b3c66::c0000,a3fee73f2b55992b3c66,"[1799, 2332]",Police seize on COVID-19 tech to expand global surveillance,2022-12-20
9cff4ce48908804960ee::c0000,9cff4ce48908804960ee,"[1800, 3722]",Maximus challenges $175M Postal Service award,2023-07-20
8ab0ae2eba5e30499a4c::c0000,8ab0ae2eba5e30499a4c,[1801],Short Service Commission Executive (Information Technology) in Indian Navy,2023-01-31
e613a9ab8582a7c1df04::c0000,e613a9ab8582a7c1df04,[1803],5G Services Market Size Information Technology Growth and Insights,2023-09-28
540d3b07d1cd2f39f6f3::c0000,540d3b07d1cd2f39f6f3,[1804],Tech Media & Telecom Roundup: Market Talk,2023-09-07
dd5e1f479d245addef47::c0000,dd5e1f479d245addef47,[1805],Human Services Technology AAS,2023-07-08
b1f09206fc4bf5d036d6::c0000,b1f09206fc4bf5d036d6,[1808],From multicloud challenges to ‘cloud-smart’ solutions: How Dell is simplifying multicloud complexity,2023-05-26
6cfb4545cefb1d453554::c0000,6cfb4545cefb1d453554,[1811],What Big Tech CEOs are saying about their companies' layoffs,2023-02-14
b5203b64237716cd8628::c0000,b5203b64237716cd8628,"[1814, 4104]",New technology jobs needed for AI,2023-07-01
69a4e59ea0310b569deb::c0000,69a4e59ea0310b569deb,[1815],Microsoft’s revenue and profit drop but cloud computing holds,2023-01-24
d172278a0924b5c278d8::c0000,d172278a0924b5c278d8,[1816],Navajo Tech 1st among tribal universities to offer PhD,2023-03-25
fc1b8636aeaf37f24a13::c0000,fc1b8636aeaf37f24a13,[1817],CareCloud Operations Unaffected by Shutdown of Silicon Valley Bank,2023-03-15
bc037a273427a4d3e250::c0000,bc037a273427a4d3e250,"[1819, 4196]",Interactive and Self Service Kiosk Market Size Information Technology Insights: Technology Trends,2023-09-27
5b9dd297889036e497df::c0000,5b9dd297889036e497df,[1823],VIDAA the TV Operating System of Hisense Selects Amdocs'' Vubiquity Technology and Services to Add AVOD/FAST and TVOD/EST to its Platform,2023-08-02
688a782f3524ba0b2ab5::c0000,688a782f3524ba0b2ab5,"[1824, 3910]",Minister focused on better access to information service amid calls for legislative overhaul,2023-07-10
d7dd8a17edcdd9ddadb2::c0000,d7dd8a17edcdd9ddadb2,[1825],Manitoulin Health Centre implements the One Health Information Technology Service,2023-01-31
db4e53b7f297e08e62d2::c0000,db4e53b7f297e08e62d2,"[1827, 4142]",In Focus: How can commercial lines brokers harness technology to enhance customer service?,2023-09-25
0758352615302a17d219::c0000,0758352615302a17d219,[1829],How technology is driving the future of credit unions,2023-06-15
49d4d60f8e81424b2c03::c0000,49d4d60f8e81424b2c03,[1831],Conduent to Attend TD Cowen''s 51st Annual Technology Media and Telecom Conference,2023-05-24
5c3224d0ee69fd307671::c0000,5c3224d0ee69fd307671,[1836],Wheeler Bio Licenses ATUM's Proprietary Leap-In Transposase® Technology in Support of its Disruptive CDMO Service Offering,2022-11-30
919351355114bd607924::c0000,919351355114bd607924,[1837],Modern Cyber Ranges: Cloud-Native Mobile And On The Edge,2023-04-07
4801d970b08bd83c79cf::c0000,4801d970b08bd83c79cf,"[1838, 3903]",World Cinema and ServiceNow Spearhead Technology Service Transformation in Hospitality Industry,2023-03-22
1937a5e779a89fdc8483::c0000,1937a5e779a89fdc8483,"[1839, 4082]",Why Operators Need a Full-Service Technology Partner,2023-06-30
a8baa9a7e27dce822e75::c0000,a8baa9a7e27dce822e75,[1840],Tech sector layoffs barely dent demand for IT talent,2022-12-14
c97967c3dc0fc78bc9ff::c0000,c97967c3dc0fc78bc9ff,"[1843, 3961]",Information About Me,2023-08-23
7cbe53c85125100136f0::c0000,7cbe53c85125100136f0,"[1844, 2079, 3519]",World Cinema and ServiceNow Spearhead Technology Service Transformation in Hospitality Industry,2023-03-22
5f87b6f391fe65e654c7::c0000,5f87b6f391fe65e654c7,"[1845, 3890]",The benefits and challenges of technology integration in the classroom,2023-03-22
ab8187cb34d0c994036d::c0000,ab8187cb34d0c994036d,[1846],Givex Information Technology Group reports Q4 results,2023-03-22
02c1025b3a2a1c15eed4::c0000,02c1025b3a2a1c15eed4,[1848],2030 Broadcast and Media Technology and Services Market Regional Analysis and Insights,2023-09-15
a875d49fbd1ad85c9a07::c0000,a875d49fbd1ad85c9a07,[1849],White House partners with tech manufacturers retailers to put cyber ‘trust mark’ on devices,2023-07-18
3ffc2301d5ee2fa9d5c9::c0000,3ffc2301d5ee2fa9d5c9,[1850],Innovation Enterprise plans forum on AI for Jan. 26,2023-01-23
3bf42a30f8bd51d58a3c::c0000,3bf42a30f8bd51d58a3c,"[1851, 3833]",Fidelity National Information Services (FIS) Outpaces Stock Market Gains: What You Should Know,2023-09-09
329f49dfcab8cfaa9b8f::c0000,329f49dfcab8cfaa9b8f,[1852],Tech Media & Telecom Roundup: Market Talk,2023-10-27
8332813cba6eb587dcd6::c0000,8332813cba6eb587dcd6,"[1853, 3827]",Sibos 2023: financial services and technology leaders focus on the power of AI,2023-09-18
8506ef4db1396d9e8d56::c0000,8506ef4db1396d9e8d56,"[1854, 4171]",Investing in Streaming Service Stocks,2023-07-01
40492b88bbb4a924bf90::c0000,40492b88bbb4a924bf90,[1855],ICYMI: the 9 biggest tech stories of the week from iPhone reviews to new Amazon Alexa AI,2023-09-23
39732e2b7630acedb813::c0000,39732e2b7630acedb813,[1856],Latest tech sector layoff looks ugly. But it may not be as bad as you think.,2023-02-07
641fef2ddc9f60a5559b::c0000,641fef2ddc9f60a5559b,[1857],This Cloud Storage Solution Keeps Important Files in One Spot and It''s Now Just $70 for 10TB,2023-04-05
dd9b432e8dca344d2d39::c0000,dd9b432e8dca344d2d39,"[1858, 4102]",Stephens & Co. Upgrades Fidelity National Information Services (FIS),2023-04-28
0a1859d0897a80a2fb56::c0000,0a1859d0897a80a2fb56,"[1861, 3455]",Spar loses information technology chief after SAP bungle,2023-09-16
a765aeeb4e04cf8471da::c0000,a765aeeb4e04cf8471da,[1862],Elizabethtown College using AI technology to help with food waste,2023-10-11
f9675242eb3cfe404f04::c0000,f9675242eb3cfe404f04,"[1870, 3786]",Robe Visitor Information Centre,2023-05-11
627b00a2416eef8090f4::c0000,627b00a2416eef8090f4,[1875],Why ChatGPT and Bing Chat are so good at making things up,2023-04-06
c82689a38b13c62e8e2a::c0000,c82689a38b13c62e8e2a,[1876],WCS offering new technology for English language learners,2023-03-14
0978dded746e14d26b78::c0000,0978dded746e14d26b78,"[1878, 4396]",What Is 5G Home Internet and Is It Really Worth the Hype?,2023-05-09
1aad6a0f7fdeb088b4b7::c0000,1aad6a0f7fdeb088b4b7,[1879],US govt offers $10 million bounty for info on Clop ransomware,2023-06-17
40caef373aa161ea9acb::c0000,40caef373aa161ea9acb,[1890],Polymer Technology and Services expands Tristar range of flame-retardant polycarbonates,2023-03-02
a76ef71815431a7de19d::c0000,a76ef71815431a7de19d,[1891],'Never saw such hell': Intercepted phone calls home by Russian soldiers reveal horrors of war,2023-02-23
4cc25559d6a0fee94c56::c0000,4cc25559d6a0fee94c56,"[1892, 3797]",Hawaii Health Information Exchange expands service to reduce duplicate patient records,2023-03-02
e2198ed5fd8f644fcb68::c0000,e2198ed5fd8f644fcb68,"[1894, 3405]",Tech Media & Telecom Roundup: Market Talk,2023-02-23
dfc4f4e38c6223e40898::c0000,dfc4f4e38c6223e40898,[1899],The tech funding rout hasn't stopped the Miami party,2023-04-28
1746b1e7106555d15a2e::c0000,1746b1e7106555d15a2e,"[1900, 3683]",L&T Technology Services Announcement under Regulation 30 (LODR)-Allotment of ESOP / ESPS,2023-03-02
c4abfa0f5e69d99ed6dc::c0000,c4abfa0f5e69d99ed6dc,[1902],Contact Center as a Service Market Size to Reach US$ 16 Billion by 2032 | CAGR of 13.52%,2023-05-18
ad4dc53ca85d86b71b89::c0000,ad4dc53ca85d86b71b89,[1904],Access to Student Information,2023-09-29
bb016726988c8f73f5ec::c0000,bb016726988c8f73f5ec,"[1905, 1964, 3955]",Information for Suppliers,2023-07-20
de04b1f80844f0c4156b::c0000,de04b1f80844f0c4156b,"[1908, 2329, 3888]",Commentary: Use technology not just for teaching students but also to cut hours and workload of educators,2022-12-27
0542d4a737c0047df0fc::c0000,0542d4a737c0047df0fc,[1909],Introducing Library Search,2023-08-16
cf2d0a9b252e774ff032::c0000,cf2d0a9b252e774ff032,[1910],Synergia Energy says Cambay C-77H workover proceeding as expected,2023-07-26
d16f3d069b5ce4d089fb::c0000,d16f3d069b5ce4d089fb,[1911],ENT Partners Announces Acquisition of Southern Indiana ENT & Indianapolis Sinus Center,2023-07-26
be3509c5265082a3369b::c0000,be3509c5265082a3369b,[1912],K2 Services and ServiceNow partner to advance digital transformation for the legal industry,2023-08-30
3c4e9500bd8745bdf668::c0000,3c4e9500bd8745bdf668,"[1913, 2991]",Hold L&T Technology Services target price Rs 3800: Sharekhan by BNP Paribas,2023-05-02
035fa0b95e423ec30b35::c0000,035fa0b95e423ec30b35,[1915],Leading Industrial Instrumentation Controls Automation and Electrical (ICE) provider Selects Revenue Rocket to facilitate a business combination,2023-09-07
8aaac01d518e314b1bf0::c0000,8aaac01d518e314b1bf0,[1916],SYSTRA integrates three Atkins entities in Sweden Denmark and Norway and strengthens its presence in Scandinavia,2023-08-31
f084d4d8b76ec5cf960c::c0000,f084d4d8b76ec5cf960c,[1917],SYNERGY HOMECARE REPEATS AS FASTEST-GROWING FRANCHISOR IN THE INDUSTRY FOR THE THIRD STRAIGHT YEAR,2023-07-25
824d445ae2fb7db362b5::c0000,824d445ae2fb7db362b5,[1922],G-P and UKG Announce Technology Integration Partnership,2023-03-21
826d8593d5445d89ad4f::c0000,826d8593d5445d89ad4f,[1938],Pennycuick tapped to chair Senate Communications and Technology Committee,2023-01-11
c341c270162d6e06d629::c0000,c341c270162d6e06d629,[1942],CoreSite expands Silicon Valley and Denver data centre campuses US,2023-05-24
8e102fcd10d035a34bfb::c0000,8e102fcd10d035a34bfb,"[1943, 4387]",Microsoft says early June service outages were cyberattacks,2023-06-18
89fb2a8ae2419c35a7f3::c0000,89fb2a8ae2419c35a7f3,[1944],Health Information Technology (Health IT) Market Research by Top Key Players Applications and Forecast Report 2023-2030,2023-06-24
f653d5f91297a3fcbfe5::c0000,f653d5f91297a3fcbfe5,[1945],Jack Ma-Backed Ant Developing Large Language Model Technology,2023-06-21
23f16753ba26df8bd0aa::c0000,23f16753ba26df8bd0aa,[1946],IDTechEx Discusses the Low-loss Materials' US$1.8 Billion Market Powered by mmWave 5G,2022-12-16
9217af2cf88bd9e93907::c0000,9217af2cf88bd9e93907,[1950],The cloud is key for financial services undergoing digital transformation,2022-12-14
682ee225bffb84dba1e8::c0000,682ee225bffb84dba1e8,[1951],Former Google CEO Eric Schmidt says the tech sector faces a ‘reckoning’: ‘What happens when people fall in love with their A.I. tutor?’,2023-04-03
aaaa0d9a63b466bc7ebd::c0000,aaaa0d9a63b466bc7ebd,[1952],10 Tech Stocks To Sell Now According to Cathie Wood,2023-02-14
93f5a8f8b37f41454880::c0000,93f5a8f8b37f41454880,[1954],Eight Cool New Technologies From This Year’s Consumer Electronics Show,2023-01-10
e234cb0ab8201f8d75dd::c0000,e234cb0ab8201f8d75dd,[1956],Big Data Technology and Service Market Growth Holds Strong | Cisco HPE SAP Oracle,2022-12-19
4bf4cdc85e60c5cadae0::c0000,4bf4cdc85e60c5cadae0,[1957],Information Technology (IT) Security as a Service Market Size Share & Trends Analysis Report 2030,2022-12-19
2afc993066c3bd7e0cc0::c0000,2afc993066c3bd7e0cc0,"[1960, 3386, 3448]",Is composable business most essential technology trend to meet challenges of 2023 and beyond?,2023-02-08
7787e30ebcde7145e658::c0000,7787e30ebcde7145e658,[1968],Cloud a big game changer; tremendous momentum in cloud adoption: Satya Nadella,2023-01-03
245cbe40451ecb2c232e::c0000,245cbe40451ecb2c232e,[2033],Meet Martins Izuogbe Polaris Bank’s new Executive Director of Service & Technology,2023-06-16
36c9f72124c19ea038c0::c0000,36c9f72124c19ea038c0,[2034],Hundreds more tech life science layoffs jolt East Bay San Francisco,2023-02-22
1b89e194894291913eec::c0000,1b89e194894291913eec,[2035],CRT Hub Integrating AD&Co LoanDynamics Model for Credit Risk Transfer Securitizations,2023-02-23
4ea5456a56bf2329ec10::c0000,4ea5456a56bf2329ec10,[2037],How advances in technology have left many in CT locked out of jobs,2023-01-09
34eb085df9010844663f::c0000,34eb085df9010844663f,"[2040, 4182]",UPS Healthcare debuts healthcare logistics service in Europe,2023-10-13
98a5acbc2bde58ab252d::c0000,98a5acbc2bde58ab252d,[2041],Little tech luxuries as soon as made center class millennials really feel wealthy. That period is over,2023-01-18
d43085fa2cad39fd00fa::c0000,d43085fa2cad39fd00fa,[2043],These 3 Hot Tech Names Could Be Trillion-Dollar Stocks by 2030,2023-04-23
2860c67aa348592aa843::c0000,2860c67aa348592aa843,"[2044, 3959]",Information Technology Technical Services,2023-03-02
da5deeb8714ccb4998f8::c0000,da5deeb8714ccb4998f8,[2046],Fidelity National Information Services (FIS) Rises But Trails Market: What Investors Should Know,2023-10-12
125ef2c72cca3a7dcf10::c0000,125ef2c72cca3a7dcf10,[2047],Mobiquity Technologies Inc. Announces Closing of $3.0 Million Public Offering,2023-07-03
ac0125ef53f0e7306a73::c0000,ac0125ef53f0e7306a73,"[2048, 2935, 3968, 4899]",Is technology to blame for worsening customer service?,2023-04-08
acee643091852d1ac1cf::c0000,acee643091852d1ac1cf,[2065],Five Key Enterprise Business Technology Predictions (And What They Mean For Enterprise And Service Providers),2023-03-01
1e41f9c09475f77f2627::c0000,1e41f9c09475f77f2627,[2066],Bigme releases world’s first 10.3-inch Kaleido 3 color ink e-note,2023-02-24
f72df65a8fc05f29b31f::c0000,f72df65a8fc05f29b31f,[2067],Whitehouse ISD benefits from technology that provides real-time translation for students,2023-10-28
c369de95a0bd287b9d70::c0000,c369de95a0bd287b9d70,[2068],Hi-Tech Citrus County – 1950s style,2023-10-28
c1ce8f9e51ca9d3e857e::c0000,c1ce8f9e51ca9d3e857e,[2071],Tech Media & Telecom Roundup: Market Talk,2023-03-17
d4df41f407aeb510adc8::c0000,d4df41f407aeb510adc8,[2072],Sojern & PUSHTechTM Collaborate to Better Support Partners' First-Party Data Strategies,2023-01-11
d564b0e883ead4084e6d::c0000,d564b0e883ead4084e6d,[2073],Tech industry job cuts come rapidly and in big numbers,2023-01-20
63190a798b30872c7cb6::c0000,63190a798b30872c7cb6,[2074],New tech features lead to non-emergency calls in Hawaii,2023-04-15
1e1b70881ee32897386b::c0000,1e1b70881ee32897386b,[2075],JLL''s data center outlook: Cloud computing AI driving exponential growth for data center industry,2023-04-14
dfc53aca584365e338ff::c0000,dfc53aca584365e338ff,[2080],Tech layoffs: Indian startups have fired 23000 professionals so far edtech firms worst hit,2023-03-25
1d068db56c77a216015e::c0000,1d068db56c77a216015e,[2081],Cloud services: A cloudy forecast for state and local governments,2023-03-15
cc3fc7aff3e666625c96::c0000,cc3fc7aff3e666625c96,[2082],ClearCaptions® Welcomes Chief Information and Technology Officer Sanjay Singam,2023-02-16
79518098cba70750adca::c0000,79518098cba70750adca,[2083],Exclusive-EU wants details of Big Tech telcos investment plans – source,2023-01-10
86e59ed38be2dfe4203a::c0000,86e59ed38be2dfe4203a,[2084],Best Student Cloud Data Storage Options 2023,2023-02-01
de7599a9a60fd9ec45ab::c0000,de7599a9a60fd9ec45ab,"[2087, 4366]",Warner’s New Max Service Is a Decade Overdue,2023-04-13
eeec005837bbd8c1f9aa::c0000,eeec005837bbd8c1f9aa,[2088],Office of Information Technology,2023-09-12
5ad2195a461baa1aa399::c0000,5ad2195a461baa1aa399,[2090],Who keeps calling me? Look up numbers flagged as potential robocalls or spam,2023-01-09
eded5723ab9a6e45f6f9::c0000,eded5723ab9a6e45f6f9,[2091],Why Networking Is Key To Multicloud And Hybrid Cloud,2023-10-26
7b705af847f287d24f7b::c0000,7b705af847f287d24f7b,"[2094, 4923]",Esri Signs Agreement with Malta Providing Access to GIS Technology Training,2023-02-16
2afa4999f0d95e9fdd0e::c0000,2afa4999f0d95e9fdd0e,[2172],Diploma in Health Records and Information Technology course intake fees,2023-01-31
63721f5a4b4449bc9b6c::c0000,63721f5a4b4449bc9b6c,[2177],News tagged with information technology,2023-10-04
1e7828f5c0228bc6ff54::c0000,1e7828f5c0228bc6ff54,[2180],Freeline Announces Closing of Sale of Its CMC-Focused German Subsidiary,2023-02-10
3a95fc7e89b0f1ec5186::c0000,3a95fc7e89b0f1ec5186,[2186],Entrepreneur Media Inc. Websites and Mobile Application Terms of Service,2023-05-27
af11dc8f2cf1fc9d6e04::c0000,af11dc8f2cf1fc9d6e04,[2188],‘Smart’ Tech Hub Equalizes Access to 21st-Century Living,2023-01-20
3b85939f5f9ed885ed42::c0000,3b85939f5f9ed885ed42,[2189],What is a cleanroom? The high-tech facility''s relation to Micron tech industry,2023-06-28
90ab781c6ae376a2a080::c0000,90ab781c6ae376a2a080,[2195],Google’s Cloud Next tech conference is leaving San Francisco,2023-09-02
9245d1143160c24b7fd0::c0000,9245d1143160c24b7fd0,[2197],The Impact of Technology on Financial Education and Literacy,2023-02-16
a731c6e387f3acfa572f::c0000,a731c6e387f3acfa572f,[2198],KYC the key challenge for fintechs: TDCX report,2023-02-15
a9cf50aea94d61fb3e2f::c0000,a9cf50aea94d61fb3e2f,[2201],Dragos Launches OT Cyber Industry’s Only Global Partner Program to Span Technology Services Threat Intelligence and Training,2023-06-13
e3b421d24fc2e47ee3b2::c0000,e3b421d24fc2e47ee3b2,[2202],Big Data Technology & Services Market Global 2023: Value Evaluations and Industry Insights,2023-09-10
3ef52a0dd9fa822f817e::c0000,3ef52a0dd9fa822f817e,"[2204, 3518]",Best Live TV Streaming Service for Cord Cutters in 2023,2023-09-05
31651a8def32471eeba0::c0000,31651a8def32471eeba0,[2207],Cloud DX Announces New US Contract and 2 Canadian Contract Extensions,2023-03-27
491483ecf19c3543d2be::c0000,491483ecf19c3543d2be,[2208],Tech Media & Telecom Roundup: Market Talk,2023-05-17
e5dce4d2d54c669246b3::c0000,e5dce4d2d54c669246b3,[2209],Why Companies Must Prioritize Back-End Tech Updates—And How To Do It,2023-02-02
5b74a3bf440d67512634::c0000,5b74a3bf440d67512634,[2211],Master of Information Technology (C6001),2023-10-02
b4b5457ac41f4cd5a6f7::c0000,b4b5457ac41f4cd5a6f7,[2212],Cabin crew could soon track how much booze you drink mid-flight and cut you off,2023-06-14
f1e73ed2cf9770a41b47::c0000,f1e73ed2cf9770a41b47,[2224],Tech Media & Telecom Roundup: Market Talk,2023-10-31
d056a2430b4da0bff4c0::c0000,d056a2430b4da0bff4c0,"[2226, 4193]",Plan to forge a better Britain through science and technology unveiled,2023-03-09
7e9265f81cfb7156c39f::c0000,7e9265f81cfb7156c39f,[2228],How local tech experts plan to replace the internet,2023-08-25
8278d4a17d82d6fd362c::c0000,8278d4a17d82d6fd362c,"[2232, 3901]",FLSmidth to sell Non-Core Activities material handling technology assets to KOCH Solutions and accelerates the exit of the Non-Core Activities segment,2023-06-14
255c2794b0e82e5de302::c0000,255c2794b0e82e5de302,"[2233, 4378]",Internet companies report biggest-ever denial of service operation,2023-10-12
4e2d0c9efe3bb935ffd6::c0000,4e2d0c9efe3bb935ffd6,"[2235, 4919]",Global Information Technology (IT) Security as a Service Market Growth Research | 2023-2030,2023-06-13
51948ef91b3daa0c5541::c0000,51948ef91b3daa0c5541,[2236],Supreme Court says White House may continue requests to tech companies,2023-10-20
2ca9066171f598846532::c0000,2ca9066171f598846532,[2242],New-Age Tech Stocks Shine Amid Broader Market Weakness; EaseMyTrip Biggest Winner This Week,2023-08-27
0f5375f28db251ba1b6f::c0000,0f5375f28db251ba1b6f,[2243],Tech companies got rid of your free lunch. Now they're coming for your 401(k) and healthcare.,2023-05-25
67542720e018abd32e06::c0000,67542720e018abd32e06,[2245],On National Information Technology Day the mini-satellite project CubeSat was launched,2023-06-03
6424c75eac9f6a3d7375::c0000,6424c75eac9f6a3d7375,[2246],Technology sector advancing in Calumet Region,2023-03-12
3a434150730866a4ad94::c0000,3a434150730866a4ad94,[2254],Computing and Information Sciences,2023-06-05
b458fa28eaf2e3050ddd::c0000,b458fa28eaf2e3050ddd,[2255],Five ways technology is changing how you get your online shopping and takeout deliveries,2023-08-28
251f8ad2611ded444ceb::c0000,251f8ad2611ded444ceb,[2256],Scranton School District website down due to fiber outage,2023-08-27
934f40658bdf719bc170::c0000,934f40658bdf719bc170,[2258],WebClues Infotech Leads the Way in Generative AI Solutions for Business Process Enhancement,2023-08-25
4afaefcfd67dd26dd923::c0000,4afaefcfd67dd26dd923,[2284],Tech Devices Better Connectivity Were Major Focus of Stimulus Spending Report Finds,2023-06-22
530507e6d70d5f0006f4::c0000,530507e6d70d5f0006f4,[2285],Aging outdated technology leaves air travel at risk of meltdown,2023-01-13
ebfbdd4f2f1550aea13e::c0000,ebfbdd4f2f1550aea13e,[2286],How advances in technology have left many in CT locked out of jobs,2023-01-09
ad459e1b4141dcaaeb1e::c0000,ad459e1b4141dcaaeb1e,[2287],Top 10 technology and ethics stories of 2022,2022-12-29
bdae39987f47f40f4bd9::c0000,bdae39987f47f40f4bd9,"[2288, 4693]",Fintech and financial services: delivering for development,2023-02-26
29281cfe9edf10e18e28::c0000,29281cfe9edf10e18e28,"[2290, 4138]",Advanced Project announces upgrade to TIER service with facial recognition AI technology,2023-08-18
7941f885ccc43991e9f6::c0000,7941f885ccc43991e9f6,"[2292, 4330]",ACOA's Business Information Services,2023-09-22
f7538557471f9fdf041f::c0000,f7538557471f9fdf041f,[2294],Wall Street piles more onto big start to year as tech surges,2023-02-02
3414875f01b1e95879c1::c0000,3414875f01b1e95879c1,[2297],Technology and cyber solicitors,2023-07-05
f7a67a56da8aae61125a::c0000,f7a67a56da8aae61125a,[2299],At Virginia Tech sesquicentennial includes a look ahead,2022-12-25
8fda900e7f147662eec0::c0000,8fda900e7f147662eec0,[2303],Four high-tech health devices being tested at UAB now,2023-02-02
3fa9207d9c80be1e3208::c0000,3fa9207d9c80be1e3208,[2304],Free Whitepaper: Education and technology,2023-07-30
45393c03f9306da0bf51::c0000,45393c03f9306da0bf51,[2308],'A Failed and Broken System.' Tech Layoffs Set the Clock Ticking for Foreign Workers,2022-12-23
9d53c4dd93a650c08555::c0000,9d53c4dd93a650c08555,[2313],Information technology used to check sperm quality,2022-12-06
f29232f315b3c9bdd832::c0000,f29232f315b3c9bdd832,[2321],REFILE-UPDATE 1-Amazon cloud unit to invest nearly $8 billion in Ohio,2023-06-26
dcef08ac5e08fc7f936e::c0000,dcef08ac5e08fc7f936e,[2322],What tech products are best for seniors?,2023-01-10
04f690a7970d0a2720fc::c0000,04f690a7970d0a2720fc,[2323],2 technology balancing acts,2023-01-02
079d541792ccd8fe8909::c0000,079d541792ccd8fe8909,[2326],Blockchain technology in payments,2023-09-28
28a49250085c9cd96104::c0000,28a49250085c9cd96104,"[2328, 3388]",Fidelity National Information Services (FIS) Shares Fell on Investors’ Concerns,2023-06-27
2f3f12f47d176335fbe4::c0000,2f3f12f47d176335fbe4,"[2331, 4000]",National Care Service Scotland: MSPs voice increasing concern and frustration over lack of information,2023-05-07
59db45a67524c627fa68::c0000,59db45a67524c627fa68,"[2334, 4110]",Pierian Selected by PreCheck Health Services to Support Hereditary Cancer Testing for Providers and Patients,2022-12-06
87ab8e4d026bc19765ef::c0000,87ab8e4d026bc19765ef,"[2336, 3705]",Tetra Tech acquires application cyber services outfit,2023-01-06
b02c0501e5c9df428f55::c0000,b02c0501e5c9df428f55,[2337],SD tech colleges receive funds to buy new equipment,2023-01-23
eed05309ea040cf21ab3::c0000,eed05309ea040cf21ab3,[2338],Will Silicon Valley Bank's collapse impact the climate tech industry?,2023-03-15
5269dccec70e5a663051::c0000,5269dccec70e5a663051,[2343],The Future of Network Engineering: Opportunities and Challenges,2023-03-25
e12fb0bfc951daff670b::c0000,e12fb0bfc951daff670b,[2345],2 Must-Watch Big Tech Earnings Reports,2023-01-11
c2738c582bc1ddc2265a::c0000,c2738c582bc1ddc2265a,[2356],Here''s how tech giants Microsoft Google and Baidu are taking on ChatGPT and what that could mean for investors,2023-02-05
cc9f51a34f33f93cc239::c0000,cc9f51a34f33f93cc239,[2357],A sword and shield: How technology helps RFT “deliver outcomes”,2023-01-24
88d23ec612d492ec6e09::c0000,88d23ec612d492ec6e09,[2358],SAP PwC partnership driving digital transformation & cloud success in West Africa,2023-01-11
a89b5e517c4e34e8ff4e::c0000,a89b5e517c4e34e8ff4e,"[2361, 3860]",IAEA Profile: Rola Ghneim Khreis the IAEA’s First Woman Director of Information Technology,2023-09-08
88e7b48c1805c31fb0f7::c0000,88e7b48c1805c31fb0f7,[2362],Verticalization managed services and sustainability to drive cloud trends in 2023,2022-12-29
fee35ed1be317665cde8::c0000,fee35ed1be317665cde8,[2363],Tech Media & Telecom Roundup: Market Talk,2023-04-28
80bad833e0ad532698d9::c0000,80bad833e0ad532698d9,[2366],IBM inks $725 million deal so public servants can tap key technologies,2023-01-09
828511eb6b0630ce46f2::c0000,828511eb6b0630ce46f2,[2367],U.S. Military Embraces Telecritical Care Technology for Service Members and Veterans,2023-05-04
a2509c8f5a1368306dcf::c0000,a2509c8f5a1368306dcf,[2370],CCS teachers learn about technology as development expands in central Ohio,2023-06-10
e8149750a8619345ec37::c0000,e8149750a8619345ec37,[2373],Big Tech made America lonely. Now it needs to fix the crisis it helped create.,2023-10-10
759274e2637706ddbee3::c0000,759274e2637706ddbee3,[2374],ITC receives annual student technology survey results,2023-04-05
f57fc2a06b6a9ce44b31::c0000,f57fc2a06b6a9ce44b31,"[2375, 4180]",Information and Communications Technology,2023-04-27
4f4ea6e770e2d3ca0f3b::c0000,4f4ea6e770e2d3ca0f3b,[2376],Rostec ready to scale up AYYA smartphones production — spokesperson,2023-06-02
a13f943a79ffcbb1ddbf::c0000,a13f943a79ffcbb1ddbf,[2379],Deeply truly very sorry: How tech CEOs talk when they lay off workers,2023-03-21
9350a029fe0de0a3aa93::c0000,9350a029fe0de0a3aa93,[2380],Trust in Big Tech Is Plunging Putting Sector at Crossroads,2023-03-23
da70b10f7678ad9fba98::c0000,da70b10f7678ad9fba98,[2381],More than 1K without power as strong storms move through South Florida,2023-04-17
8b4ff64e9c1fcf3aee95::c0000,8b4ff64e9c1fcf3aee95,"[2382, 4175]",Digital transformation as a service is poised to drive enterprise growth,2023-05-03
b511c5461a246703e16d::c0000,b511c5461a246703e16d,[2446],NCR Ranked #5 for Technology Providers in the IDC FinTech Rankings,2023-09-21
cd2e30dac78609e34fb1::c0000,cd2e30dac78609e34fb1,"[2448, 3715]",Self-service technology & personalisation: A generational blend,2023-09-05
fa7e356fdf0f961a81a0::c0000,fa7e356fdf0f961a81a0,[2449],OpenAI plans app store for AI software The Information reports,2023-06-20
66960a8e16682a090198::c0000,66960a8e16682a090198,"[2450, 4480]",Customer Service Outsourcing Philippines: How advanced technology is shaping the future,2023-06-23
3b47233aa73c91ef1b81::c0000,3b47233aa73c91ef1b81,[2452],Report: 78% of executives adopted cloud but not all are seeing value,2023-02-02
5e9505abf79f1f712673::c0000,5e9505abf79f1f712673,[2453],The High Costs of Going Cloud-Native,2023-02-24
d24bae29333e2b65c61d::c0000,d24bae29333e2b65c61d,[2456],Big Tech Earnings Preview - Google Apple And Amazon,2023-02-02
381d88afcb060049e356::c0000,381d88afcb060049e356,[2460],US announces criminal cases involving flow of technology information to Russia China and Iran,2023-05-16
41a89c47850a0ff93fd5::c0000,41a89c47850a0ff93fd5,[2461],11 Times Tech Really Did Take Our Jobs,2023-07-08
a2c7ef6f017e5b17775a::c0000,a2c7ef6f017e5b17775a,[2462],COMMENTARY: Big Tech first cornered the ad market now practices censorship,2023-02-02
c8aa9f7d7392b64dd507::c0000,c8aa9f7d7392b64dd507,[2464],Call center strategies that enhance CX and drive revenue,2023-05-26
d5a7038333639aa2e4f0::c0000,d5a7038333639aa2e4f0,[2466],TECH BYTE: Use Tech to Find Your Dream Home,2023-08-25
421019b9c02af03eb54b::c0000,421019b9c02af03eb54b,[2467],UPSC Essentials : Daily subject-wise quiz — Environment Geography Science and Technology (Week 10),2023-06-14
4f18e57eaef61598157f::c0000,4f18e57eaef61598157f,[2471],Microsoft adds AI tools to Outlook Word,2023-03-17
b3f3c0af1f01f876e125::c0000,b3f3c0af1f01f876e125,[2472],Putin''s hope for AI to increase information control end Western tech dependence largely ''aspirational'',2023-08-26
47f469392d3b37d67b7b::c0000,47f469392d3b37d67b7b,[2473],Priority Services Register for vulnerable energy customers,2023-06-06
20dd2f0a067a3bcbc368::c0000,20dd2f0a067a3bcbc368,[2476],U.S. Sen. Todd Young talks tech innovation investment and its meaning for Hoosiers,2023-03-14
7c198516f090e7cbccb9::c0000,7c198516f090e7cbccb9,[2477],7 Ways Technology Has Revolutionized Customer Care | 2023,2023-08-26
4c6f9d4bfd30892e5c50::c0000,4c6f9d4bfd30892e5c50,"[2478, 3331]",CBS Essentials: Tech,2023-02-24
0cbb6cbd02997efbfe0e::c0000,0cbb6cbd02997efbfe0e,[2481],2023 Trends to Watch: Cloud Computing,2023-04-12
9a54948ec15fc4fdb34b::c0000,9a54948ec15fc4fdb34b,[2485],Meta to Lower Age for Users of Virtual Reality Headset to 10 From 13,2023-06-17
8046b9676b4fc8b9e145::c0000,8046b9676b4fc8b9e145,"[2486, 3932]",Viral Clearance and Viral Testing Services Global...,2023-02-16
359210f0809d734f6281::c0000,359210f0809d734f6281,[2488],Effective use of technology can boost a nation's growth and competitiveness,2023-06-25
d108a9500127c82a3871::c0000,d108a9500127c82a3871,[2489],Tech Media & Telecom Roundup: Market Talk,2023-06-23
9d3470673d0e1cfda9b2::c0000,9d3470673d0e1cfda9b2,[2490],The Exceptional Tech Innovations We Saw at CES This Year,2023-01-10
c86bacbdba214a91a433::c0000,c86bacbdba214a91a433,[2491],Roundtable Panelists Examine Business Technology,2023-02-27
c05d02a6f39976f1ccf7::c0000,c05d02a6f39976f1ccf7,[2494],Tech Media & Telecom Roundup: Market Talk,2023-03-06
004f1e48a1dec0e435e1::c0000,004f1e48a1dec0e435e1,[2496],Tech Media & Telecom Roundup: Market Talk,2023-04-12
2fef95511b24e6077870::c0000,2fef95511b24e6077870,"[2498, 4664]",Customer Service Philippines: How NLP is revolutionizing the airline industry,2023-02-27
2b4710f69e9c33c45b14::c0000,2b4710f69e9c33c45b14,[2502],Schools’ pandemic spending boosted tech companies. Did it help US students?,2023-10-09
51b6e1d9f54ca86da083::c0000,51b6e1d9f54ca86da083,[2503],Wall Street jumps as technology stocks bounce back,2023-02-02
046162d19c4228bea956::c0000,046162d19c4228bea956,"[2504, 3796]",Is Technology the Health-Care Wave or Tsunami of the Future?,2023-01-22
7b6170ed6a37ca3d05e6::c0000,7b6170ed6a37ca3d05e6,[2505],Information Technology Essay Writing Service,2023-07-16
9d03825b5f292f16778c::c0000,9d03825b5f292f16778c,[2508],411 is going out of service for millions of Americans,2023-01-07
e129c38998bc3ca13f15::c0000,e129c38998bc3ca13f15,[2509],Technology 101 classes.,2023-09-01
c76fbaf6d958bc57c036::c0000,c76fbaf6d958bc57c036,"[2512, 4381]",National Information Technology and Business Process Management Week to kick off in October,2023-09-23
0eb74b2df0441ce0f5c8::c0000,0eb74b2df0441ce0f5c8,"[2513, 4376]",What is the role of technology in omnichannel service design?,2023-09-22
ed171053a5e6152602f2::c0000,ed171053a5e6152602f2,[2514],Uptime Institute Completes Acquisition of CNet Training the International Award-Winning Technical Education Company,2023-02-03
e1bfc0d9ba522706121d::c0000,e1bfc0d9ba522706121d,[2516],Baird Maintains Fidelity National Information Services (FIS) Outperform Recommendation,2023-07-03
94d984cc80cd4581d27d::c0000,94d984cc80cd4581d27d,[2519],Finding the best deals on Back-to-School tech devices,2023-09-01
3ed386b312d4e58ab415::c0000,3ed386b312d4e58ab415,[2520],Prank calls cancel classes and disrupt St. Louis area schools,2023-03-27
4c1d634c81eba712bbbb::c0000,4c1d634c81eba712bbbb,[2522],Deion Sanders and No. 19 Colorado facing their first big test against No. 10 Oregon and Bo Nix,2023-09-21
231751fe1164983020ae::c0000,231751fe1164983020ae,[2523],3 Day Online Computer System Validation for Cloud and COTS Applications Training Course (March 3-5 2023),2023-02-02
1408785fc34980e333ba::c0000,1408785fc34980e333ba,[2525],The ACLU is Committed to Protecting Your Personal Information,2023-07-05
b96bdef042686925ba1a::c0000,b96bdef042686925ba1a,[2527],Louth tech initiative plans to lure startups from Dublin,2022-12-18
a2f3cd4fe97f2dd1c20a::c0000,a2f3cd4fe97f2dd1c20a,"[2529, 4116]",Maximus Names Elisabeth Schmidt as Senior Vice President for Technology and Consulting Services,2023-02-13
8c59ffe67512e09b212e::c0000,8c59ffe67512e09b212e,[2530],School of Library and Information Science,2023-07-02
267d8666255b5d27f1c1::c0000,267d8666255b5d27f1c1,[2533],CTE announces Students of the Month for November,2022-12-28
230c7f6db290d188ba5f::c0000,230c7f6db290d188ba5f,[2535],Tech Media & Telecom Roundup: Market Talk,2023-04-24
5af77220c33e28977750::c0000,5af77220c33e28977750,[2536],Top Technology and Business Trends for 2023,2023-02-01
36790a8cf89b09f24491::c0000,36790a8cf89b09f24491,"[2564, 4614]",Top in-demand information technology jobs during hiring freezes,2023-05-28
912e9ab3358b4ed54112::c0000,912e9ab3358b4ed54112,[2566],Microsoft says early June disruptions to Outlook cloud platform were cyberattacks,2023-06-18
cfa85cd8a6f6b977fc3e::c0000,cfa85cd8a6f6b977fc3e,[2568],Cloud formation photos from Ethan SD Tuesday night,2023-07-26
99a7983b2b89d76a8563::c0000,99a7983b2b89d76a8563,[2570],Head of Information & Support Services,2023-07-07
d1dff9a9b423333b7048::c0000,d1dff9a9b423333b7048,[2571],Clippn Unveils New Video Workflow Management Service,2022-12-14
a077b399b553d3e3ed76::c0000,a077b399b553d3e3ed76,[2573],Regulatory Information Service Center,2023-07-27
6abab2e02a8cd33feccb::c0000,6abab2e02a8cd33feccb,[2577],France is investigating suspected smuggling to China and Russia of advanced chip technology,2023-07-27
e94a91536735445efc9e::c0000,e94a91536735445efc9e,[2578],More Brazilian Firms Are Turning to Hybrid Clouds for Help,2023-07-26
fcd8384d3ddf6605f826::c0000,fcd8384d3ddf6605f826,[2580],Silicon Valley dethroned as hottest tech job market following layoffs: report,2023-02-07
aa15efdd6158ec1e18f1::c0000,aa15efdd6158ec1e18f1,"[2582, 4462]",New York Institute of Technology Expands Partnership with Everspring to Launch Two New Master's Programs,2022-12-16
499dd717cc448fd49fca::c0000,499dd717cc448fd49fca,[2583],Op-Ed: Recovering from Big Tech’s lost decade,2023-01-01
29b1bd59d6f87ed9b1a6::c0000,29b1bd59d6f87ed9b1a6,[2585],Tech Media & Telecom Roundup: Market Talk,2023-06-27
8205444c763c3b2d689b::c0000,8205444c763c3b2d689b,[2589],The Coolest Big Data System And Cloud Platform Companies Of The 2023 Big Data 100,2023-04-25
a19f2f7dacb061fb01f5::c0000,a19f2f7dacb061fb01f5,"[2590, 4620]",What are some of the latest trends and innovations in VPN technology and services?,2023-04-07
8f63654f994295a8f89e::c0000,8f63654f994295a8f89e,"[2591, 4611]",DoT dials telcos on call drops service quality issues; discusses interventions measures needed,2022-12-28
56fd17d783c6859fa3e0::c0000,56fd17d783c6859fa3e0,"[2592, 3790]",DISCOVERY LIFE SCIENCES LAUNCHES WORLD-CLASS PROTEOMIC SERVICES DIVISION SUPPORTED BY LEADING TECHNOLOGY PARTNERS,2022-12-14
a1b2230adcf8502a95b3::c0000,a1b2230adcf8502a95b3,[2593],Have you been affected by the downturn in the tech job market?,2023-02-07
86fb2006533f002a4b8c::c0000,86fb2006533f002a4b8c,[2594],How Do You Launch a DTC Brand Today? 4 Out-of-the-Box Strategies That Work,2023-01-05
7e7f7d32cbca4041a5f6::c0000,7e7f7d32cbca4041a5f6,[2595],2 Cheap Tech Stocks to Buy Right Now,2023-02-25
2e440380ba21775509f0::c0000,2e440380ba21775509f0,[2600],Cautious U.S. Firms Still Seeking Benefits of Hybrid Clouds,2023-06-28
dc2c46bdd4c63169d569::c0000,dc2c46bdd4c63169d569,"[2603, 4013]",Information Technology Global Market Report 2023,2023-04-21
63a43bedf3439d5663e5::c0000,63a43bedf3439d5663e5,[2604],Cloud DX Reports Results for the First Quarter of 2023,2023-05-29
788d07cc9419d4d28b44::c0000,788d07cc9419d4d28b44,[2607],MediaTek reportedly cooperating with Google on TPU development,2023-06-19
b7261e94015195f2fbaf::c0000,b7261e94015195f2fbaf,"[2608, 4431]",Connect to a supported accommodation service (SC2),2023-05-01
3864ef6d60e3361482e9::c0000,3864ef6d60e3361482e9,[2610],5 things to do in Flint Genesee County this weekend (Sept. 14-17),2023-09-14
da60bec9b1ca2e8d4e34::c0000,da60bec9b1ca2e8d4e34,[2611],Colorado named U.S. Tech Hub for quantum computing,2023-10-21
ac29249b411d869a9df0::c0000,ac29249b411d869a9df0,[2612],Adopting advanced technology innovation top priority of government: Al Olama,2022-12-29
025858645d0ee635aec0::c0000,025858645d0ee635aec0,[2613],State Of Crypto And Web3: Has The Space Gone In Winter Sleep Mode?,2022-12-29
ca03f8a4108ab4707780::c0000,ca03f8a4108ab4707780,"[2614, 4402]",There for You (UNISON Welfare),2023-04-27
f5bd945883c9675d8d31::c0000,f5bd945883c9675d8d31,[2615],These tech giants are at the White House today to talk about the risks of AI,2023-09-12
dcef7ad2792658268261::c0000,dcef7ad2792658268261,[2617],Rapyder achieves AWS Managed Service Provider Badge,2023-03-15
feecda81c4f794f8c70d::c0000,feecda81c4f794f8c70d,[2618],N-O-D-E Unveils Slick Tech News Site,2023-01-05
b0bc36112d101a88a6a6::c0000,b0bc36112d101a88a6a6,[2622],Hilltop community leaders call for support beyond technology,2023-05-06
8e45523841b5f3794c88::c0000,8e45523841b5f3794c88,[2624],Tech Media & Telecom Roundup: Market Talk,2023-05-05
d8fffdf4e151b8326cfd::c0000,d8fffdf4e151b8326cfd,"[2625, 3545, 3611, 3798]",Omnibus Funding Bill Includes $50M for the Technology Modernization Fund $90M for the Citizen Services Fund,2022-12-21
813a8f78a4dd537f846e::c0000,813a8f78a4dd537f846e,[2790],Differences Between Project Management And Information Technology Project Management,2023-05-04
ed14161fdaa5441adfd6::c0000,ed14161fdaa5441adfd6,[2791],Three Cloud Desktop Solutions: A Matter of Choice,2023-05-25
de4eb693a0e3b23edccf::c0000,de4eb693a0e3b23edccf,[2792],One Little-Known Tech Stock Could Be the Next Big Thing in 2023,2023-03-09
c8a21bbbbf328358b7e4::c0000,c8a21bbbbf328358b7e4,[2793],New Denon Marantz and Definitive Technology Products Unveiled at 2023 Press Event,2023-02-23
d97006e1dbb32ebf8619::c0000,d97006e1dbb32ebf8619,[2794],Google Cloud Launches AI-Powered Multiomics Suite Taps Dallas-Based Colossal and Form Bio To Help Accelerate Life Science Research,2023-05-20
b94cc1bc87fb24b36a05::c0000,b94cc1bc87fb24b36a05,[2797],Tech Industry Transplants and Skyrocketing Mortgage Rates Are Driving New York’s Luxury-Rental Boom Says Compass Exec,2023-01-30
232e79b13e319fa62b44::c0000,232e79b13e319fa62b44,[2808],Eight Technologies That Could Have An Exciting Impact On Business In 2023,2022-12-27
e0dd36f7527b0a2ea0af::c0000,e0dd36f7527b0a2ea0af,[2810],Tech Nation to shut down after government controversially gives funding to Barclays,2023-01-31
8e3c6c2480d735a36c16::c0000,8e3c6c2480d735a36c16,[2813],Service virtualization: A continuous life cycle technology,2023-08-01
e5bc9aa1fdcb810557f8::c0000,e5bc9aa1fdcb810557f8,[2814],Deloitte launches Jordan Digital Center to provide Middle East clients professional digital and technology services,2023-01-17
e9e8d692cc2e92d412ee::c0000,e9e8d692cc2e92d412ee,[2815],Manufacturing technology showcase held in the Upstate featured over 200 exhibitors,2023-10-26
9f5bc3f5d4504a359b7d::c0000,9f5bc3f5d4504a359b7d,[2817],The Future of the Embedded Die Packaging Technology Market: Examining Trends and Forecasting Revenue with future CAGR of 9.6% during 2023-2030,2023-07-27
b9b9770dc5ae11ed9441::c0000,b9b9770dc5ae11ed9441,"[2818, 3788]",COMCAST TECHNOLOGY SOLUTIONS LAUNCHES CLOUD-BASED MANAGED CHANNEL ORIGINATION SERVICE ACROSS EMEA,2023-09-13
290a4882c67a300c593c::c0000,290a4882c67a300c593c,"[2819, 3927]",What is PALS (Patient Advice and Liaison Service)?,2023-07-17
041ee6b2f92b44797b8b::c0000,041ee6b2f92b44797b8b,[2820],Best VoIP Services (July 2023),2023-07-06
be832008b2a1f6d3c9d8::c0000,be832008b2a1f6d3c9d8,[2821],The 6 Most Important Tech Trends We Saw at CES 2023,2023-01-14
0ad4fd5da87172c3c9ae::c0000,0ad4fd5da87172c3c9ae,[2824],U.S. to curb China access to cloud services like Amazon WSJ says,2023-07-05
fd63f533231dc56e4eeb::c0000,fd63f533231dc56e4eeb,[2829],Clorox Takes Down Some IT Systems After ‘Unauthorized Activity’,2023-08-14
222a2b3377fe2d0d1347::c0000,222a2b3377fe2d0d1347,[2832],Connecticut auditors criticize state agency for not providing enough info on venture capital firm,2023-08-14
7f8fec0cedddeb261fd8::c0000,7f8fec0cedddeb261fd8,[2834],Office of Information Technology welcomes new Chief Information Security Officer,2023-09-13
e378b7a5caa2c35bc771::c0000,e378b7a5caa2c35bc771,[2836],"Cloudbrink debuts industry first '""software appliance'"" for hybrid workplace security and performancehttps://firebasestorage.googleapis.com/v0/b/hackernoon-app.appspot.com/o/images%2Fimageedit_25_7084755369.gif?alt=media&token=ca7527b0-a214-46d4-af72-1062b3df1458Secure edge connectivity provider Cloudbrink today launched the industry’s first software-only solution that replaces hardware based VPN and SD-WAN appliances for power users in the hybrid workplace.",2023-06-06
0e37319a8c94dca7aa00::c0000,0e37319a8c94dca7aa00,[2838],5.1K applicants take BJMP qualifying exam,2023-02-12
3436350ef0b8c10a0452::c0000,3436350ef0b8c10a0452,[2840],How to use Google’s ‘unknown tracker alerts’ service on Android smartphones,2023-08-10
34f191989ea0d379c444::c0000,34f191989ea0d379c444,[2842],Atos named a Leader in mainframe services and solutions by Information Services Group,2023-07-20
e40b731a563f8a6321bd::c0000,e40b731a563f8a6321bd,[2844],New $500M federal grant aims to expand tech hubs outside of Silicon Valley,2023-05-15
c87c1cddfeda1ec2cd9e::c0000,c87c1cddfeda1ec2cd9e,[2845],Tech advances leaving many in CT locked out of jobs and economy,2023-01-08
628e59438728747bbb9f::c0000,628e59438728747bbb9f,[2846],Raleigh’s First Citizens Bank will buy Silicon Valley Bank,2023-03-27
01233c77203099ebb84d::c0000,01233c77203099ebb84d,"[2847, 4689]",Evercore ISI Group Downgrades Fidelity National Information Services,2023-08-26
ce52b8702165c74125c6::c0000,ce52b8702165c74125c6,[2848],Kristen’s Classroom: Types of clouds,2023-09-04
5507cf5b0ed81e13779f::c0000,5507cf5b0ed81e13779f,[2850],YouWeb launches climate tech incubator to drive carbon management,2023-09-08
064ba7fc03f9f8feb92f::c0000,064ba7fc03f9f8feb92f,[2851],WatchGuard Technologies announces acquisition of CyGlass Technology Services,2023-09-20
7708c119c9fb8d80e1db::c0000,7708c119c9fb8d80e1db,"[2852, 4090]",411 phone number is going out of service for millions of Americans,2023-01-07
e4a72aad2b0df7c622f5::c0000,e4a72aad2b0df7c622f5,"[2853, 2874]",Tech policy takes the stage in Vegas,2023-01-07
7434d8b3b185f743f390::c0000,7434d8b3b185f743f390,[2854],Tech Media & Telecom Roundup: Market Talk,2023-06-16
dd967391ce0b0f22c031::c0000,dd967391ce0b0f22c031,"[2855, 3728]",Cramer says he likes these technology and real-estate stocks for 2023,2022-12-22
315f20523ec958f86b5c::c0000,315f20523ec958f86b5c,[2856],Techno-solutionism Ethical Technologists and Practical Data Privacy,2023-07-07
d54d1681a713699a1201::c0000,d54d1681a713699a1201,[2857],CloudNine and Integreon Partner to Deliver Efficiency in Handling Modern Data in eDiscovery,2023-03-16
a9e1a5bc3d26c5ab8644::c0000,a9e1a5bc3d26c5ab8644,"[2858, 3889]",Academics & Majors,2023-08-23
5e1dfb906f2c1806c7f0::c0000,5e1dfb906f2c1806c7f0,[2860],Bet365 bonus code CLEXLM: Jaguars-Saints $150 bonus $1K safety net bet,2023-10-19
816221cbf8c4637b0314::c0000,816221cbf8c4637b0314,"[2865, 3729]",Pakistan earns $854 million from IT services' export in 4 months,2022-12-21
78853f47885eebdbae1b::c0000,78853f47885eebdbae1b,[2866],Walmart’s supercloud: a cloud-native Kubernetes-based platform,2023-01-17
292c3a6cc2dd3cbd7feb::c0000,292c3a6cc2dd3cbd7feb,[2867],Tech Media & Telecom Roundup: Market Talk,2023-09-08
45762a887e233bc216a4::c0000,45762a887e233bc216a4,[2868],Golden Fire in southern Oregon burns dozens of homes and cuts 911 service,2023-07-26
4fab6d923fdb70b71f29::c0000,4fab6d923fdb70b71f29,"[2870, 3688]",Technology and Innovation,2022-12-21
4da9bc86130ed781f417::c0000,4da9bc86130ed781f417,[2871],Minnesota Tech for Success makes buying computers cheaper for schools students,2023-08-07
ffeb5ce3a4839080dc7b::c0000,ffeb5ce3a4839080dc7b,[2872],Maximus backs away from Postal Service protest,2023-08-29
d06ff69038460a4c315b::c0000,d06ff69038460a4c315b,[2873],Complete Solaria a Leading Solar Technology Services and Installation Company Completes Business Combination with Freedom Acquisition I Corp. and Will Commence Trading on ...,2023-07-18
8b12c33f3c3455f2641c::c0000,8b12c33f3c3455f2641c,[2875],Tuesday Sector Leaders: Technology & Communications Services,2023-08-29
72c05023679ece09e833::c0000,72c05023679ece09e833,[2876],Twitter Users Report Widespread Service Interruptions,2022-12-29
d8516f460f11d28060b2::c0000,d8516f460f11d28060b2,[2877],Staytuned bags $34M in equity debt to build ‘Salesforce suite for e-commerce’,2023-04-06
85343257a8d539e701fc::c0000,85343257a8d539e701fc,[2878],Integrate modern technologies into district cooling's work mechanism,2022-12-19
1353cc8635c9876e12c2::c0000,1353cc8635c9876e12c2,[2880],NorthStar Gaming Announces Strategic Investment from Playtech to Fuel Expansion and Growth Across the Canadian Market,2023-02-13
632d9fbc67ddc3ee1532::c0000,632d9fbc67ddc3ee1532,"[2882, 3120]",Tech cluster emerges at huge revamped industrial complex in Oakland,2023-06-05
4f5aca5cec36df09b42c::c0000,4f5aca5cec36df09b42c,[2884],Malaysia issues license to Musk's Starlink to bring internet services to remote areas,2023-07-20
05b1cff70b4a040b06b9::c0000,05b1cff70b4a040b06b9,[2886],Google suspends paid services in Pakistan over nonpayment of dues,2022-12-03
3e8eb35a376c5ffc7240::c0000,3e8eb35a376c5ffc7240,[2890],Tech Media & Telecom Roundup: Market Talk,2023-08-31
eafa02f1e38c163449b4::c0000,eafa02f1e38c163449b4,"[2891, 4777]",The wave of tech layoffs may be over but there’s a catch,2023-08-30
6ef00bcd6caed7f30252::c0000,6ef00bcd6caed7f30252,[2892],What’s in store for FinTech in 2023?,2022-12-22
8c27c590f3c9ea338e2a::c0000,8c27c590f3c9ea338e2a,"[2895, 4085]",Altitude Angel and Saab to partner on Digital Tower technology,2022-12-06
44761f5a508c68e6b4df::c0000,44761f5a508c68e6b4df,[2896],Will holiday hiring and wage hikes offset worries over tech company layoffs?,2023-01-01
acc17077965ce9e46680::c0000,acc17077965ce9e46680,[2897],Big Tech’s squeeze of technology innovators is costing you more for apps and other internet services,2023-02-04
debcf349484a7d578dc2::c0000,debcf349484a7d578dc2,[2898],Technology woe is me,2023-04-25
a1b1c234e78ed4ccbe52::c0000,a1b1c234e78ed4ccbe52,[2900],Information Technology Service Management Market [2023-2030] Current Business Trends & Growth Opportunities,2023-08-16
99a28c6b124d2bed70bb::c0000,99a28c6b124d2bed70bb,[2901],These are the Best Free Cloud Services In 2023,2023-05-13
4af1c8c5832b66c0c3e0::c0000,4af1c8c5832b66c0c3e0,[2902],Tech Media & Telecom Roundup: Market Talk,2023-06-14
9d08738b8d9c1027f897::c0000,9d08738b8d9c1027f897,"[2903, 4120]",Information Technology Coalition Inc. Announces Major Rebrand and Name Now Doing Business as ITC Federal (ITC),2023-02-11
98df428a45be97503be9::c0000,98df428a45be97503be9,[2906],Tech Media & Telecom Roundup: Market Talk,2023-02-28
021db573a7dd450a95e7::c0000,021db573a7dd450a95e7,"[2911, 3824]",Salata Salad Kitchen Announces Briton Smetzer as Vice President of Information Technology,2022-12-14
ab342e45a0abc357bdea::c0000,ab342e45a0abc357bdea,[2930],Telecoms and tech plays ‘defining role’ in new US-India pact,2023-06-26
2b25d7dc40746474c8da::c0000,2b25d7dc40746474c8da,[2932],Google Apple Amazon give investors reason to fret,2023-02-03
c91903eb7a03ed501456::c0000,c91903eb7a03ed501456,"[2933, 4412]",House Oversight chief seeks information from Secret Service about cocaine found in White House,2023-07-07
665e98ddd174f7bc34aa::c0000,665e98ddd174f7bc34aa,[2934],How the World Is Spending $1.1 Trillion on Climate Technology,2023-04-24
5cbdf3e4eaa8562469ed::c0000,5cbdf3e4eaa8562469ed,[2949],Larsen to host service academy information nights for interested students,2023-05-14
6c338621bf153c9fddd9::c0000,6c338621bf153c9fddd9,"[2950, 3700]",DOD awards $1.5B professional services vehicle,2022-12-21
259bee3b107f09916089::c0000,259bee3b107f09916089,[2951],Transformative tech: Demand for cloud-native capabilities expands to more than meets than eye,2023-01-11
55126ff8a83e073e975e::c0000,55126ff8a83e073e975e,[2953],Secret Service refuses to hand over emails naming Biden’s Delaware visitors,2023-05-16
d390d0f5cc010218a9bc::c0000,d390d0f5cc010218a9bc,[2954],Virtana Research Survey Examines Multicloud Trends Challenges,2023-03-29
ec2843d4c2a5b9eb5a64::c0000,ec2843d4c2a5b9eb5a64,"[2955, 3733]",What Is Business Technology Consulting and Why It Matters,2022-12-22
752153e528fb5a012ff3::c0000,752153e528fb5a012ff3,[2956],Project Beacon: Nutanix Announces Vision for Hybrid Multicloud Platform-as-a-Service,2023-05-09
1e3d96a67326128bbd1b::c0000,1e3d96a67326128bbd1b,[2962],Tech Media & Telecom Roundup: Market Talk,2023-10-20
b66493f4688182ce0847::c0000,b66493f4688182ce0847,"[2963, 4619]",3 Technology Solutions and Services to Optimize Care,2023-06-17
0f32ce0f7a5735985c7e::c0000,0f32ce0f7a5735985c7e,[2964],The Morning After: The winners and losers in tech this year,2022-12-29
65e0784e33f9634e04c4::c0000,65e0784e33f9634e04c4,[2965],Technology should be used as an instrument of social justice: President Murmu,2022-12-29
a8d97b0088709db3bbd0::c0000,a8d97b0088709db3bbd0,[2969],EdTech And Smart Classrooms Global Market Report 2022: Growing Investments in eLearning and EdTech Fuel Sector - ResearchAndMarkets.com,2022-12-29
191a6a922d625265972d::c0000,191a6a922d625265972d,[2988],Wall Street rally hits wall of hot jobs cold earnings data,2023-02-03
f444c8c83bffb018e5a5::c0000,f444c8c83bffb018e5a5,[2989],Tech Media & Telecom Roundup: Market Talk,2023-05-10
6695f8496c2a10bdfc81::c0000,6695f8496c2a10bdfc81,[2990],"'""Providing Information About or Referring Patients to Legal Out-of-State Abortion Services'"" Is Protectedhttps://firebasestorage.googleapis.com/v0/b/hackernoon-app.appspot.com/o/images%2Fimageedit_25_7084755369.gif?alt=media&token=ca7527b0-a214-46d4-af72-1062b3df1458That letter interprets the '""assisting'"" language to include providing information about or referring patients to legal out-of-state abortion services.... Interestingly the State did not engage ...",2023-08-03
ff939f5b4a4d06d1845e::c0000,ff939f5b4a4d06d1845e,[2992],Restaurant Tech: Why Operators Need a Full-Service Technology Partner,2023-06-30
8997d907dcd551671dea::c0000,8997d907dcd551671dea,[2993],Parent tech professional believes AI technology is cause of school bomb threats,2023-08-29
b3c38a96f9ac6b93b497::c0000,b3c38a96f9ac6b93b497,[2994],CloudFabrix Announces AI-driven Telco Service Assurance and Automation Solution With Multiple Tier1 Telco Wins,2023-09-28
865df95b881609995a08::c0000,865df95b881609995a08,[2995],Five Signs Your Technology Service Provider Is Underperforming,2023-09-11
7631213201e328c3c5a2::c0000,7631213201e328c3c5a2,[2997],The FTC is trying to get more tech-savvy,2023-02-25
d0abf0f20ba3a4366628::c0000,d0abf0f20ba3a4366628,[2998],Outdated tech is wasting a lot of business' valuable time,2023-05-14
4a7f27d4e2981d33db68::c0000,4a7f27d4e2981d33db68,[2999],Tampa Bay tech companies raised more than $37 million in March,2023-04-10
36e1b2a55e678c4af246::c0000,36e1b2a55e678c4af246,[3001],FCC Rejects ISP Complaints About Listing Every Fee On Broadband Labels,2023-08-31
9467193999ed032fc7e3::c0000,9467193999ed032fc7e3,[3002],Cloud vs on-prem: SaaS vendor 37signals bails out of the public cloud,2023-03-23
c4f33eb0d34a03ad25aa::c0000,c4f33eb0d34a03ad25aa,[3003],L&T Technology Services Ltd - Announcement under Regulation 30 (LODR)-Earnings Call Transcript,2023-01-27
90f45071f32e875b4ab6::c0000,90f45071f32e875b4ab6,[3007],How can you find the best service operations technology resources?,2023-09-08
3ad9675522a025b7d1ee::c0000,3ad9675522a025b7d1ee,[3008],"'""Unusual activity'"" on tech network causes closure of Rochester Public Schools on Mondayhttps://www.bing.com/th?id=OVFT.5JbBSKCawAPxisxIIDs8hS&pid=NewsIn a message to families the district said the activity was detected Thursday and in response RPS '""shut down our network and almost all of our core technology systems.'""\nvcnq0xi5uskn1bi4nsu343mctgv33r2023-03-29 05:41:00https://indianexpress.com/article/opinion/columns/minister-of-railways-communications-and-electronics-it-ashwini-vaishnaw-writes-technology-at-your-service-8520448/""Minister of Railways Communications and Electronics & IT Ashwini Vaishnaw writes: Technology at your service",2023-04-09
cc49c3818f7b3070e5cf::c0000,cc49c3818f7b3070e5cf,[3039],Investors Look Past US Tech Sector as Uncertain Environment Clouds Outlook,2023-05-19
07311280184483082eae::c0000,07311280184483082eae,[3044],Supreme Court sides with big tech in lawsuits seeking to hold them liable for terrorist attacks,2023-05-19
bd730fc0ee93c98b37af::c0000,bd730fc0ee93c98b37af,[3045],FWCS Phone Lines and Internet Restored After Outage,2023-09-22
063bb09130370a144577::c0000,063bb09130370a144577,[3048],DuckDuckGo founder says Google’s phone and manufacturing partnerships thwart competition,2023-09-21
af02c809921776a0cbc4::c0000,af02c809921776a0cbc4,[3050],The FTC is opening a tech-focused office to help it keep up with Silicon Valley,2023-02-17
37c913fc1141cd85cfcd::c0000,37c913fc1141cd85cfcd,[3051],Technology Council Talk To Explore AI’s Impact On Work Life And Community,2023-08-25
57f142f08d2ee01a11f3::c0000,57f142f08d2ee01a11f3,[3052],Tech Media & Telecom Roundup: Market Talk,2023-05-19
6212ea30d00a9b3632e0::c0000,6212ea30d00a9b3632e0,[3053],Here’s Why Fidelity National Information Services (FIS) Missed its Financial Target,2023-05-02
dee0b9cd1b1285ec28c4::c0000,dee0b9cd1b1285ec28c4,[3056],The synergy of business and Information Technology (IT) will be key to harnessing Africa’s full potential,2023-02-22
726e00dba2e619f95f1a::c0000,726e00dba2e619f95f1a,[3057],Here's Southwest Airlines' $1.3B plan to upgrade technology in meltdown's wake,2023-01-30
5106e93984e795950f16::c0000,5106e93984e795950f16,"[3059, 3717]",Human Services Technology: Addiction and Recovery Studies AAS,2023-07-08
787aaadbd1e09536f2e1::c0000,787aaadbd1e09536f2e1,"[3061, 3881]",Disney ducks copyright action over animation technology,2023-02-23
a6a641a6c192a7d3386b::c0000,a6a641a6c192a7d3386b,[3063],Top 5 Tech And Telecom Stocks Which Could Rescue Your Portfolio This Month,2023-08-29
0cca6cf7705d79d9a59a::c0000,0cca6cf7705d79d9a59a,[3064],The 10 Largest Information Technology (IT) Companies In The World And What They Do,2023-07-31
cc6af07f8a262b4f66dc::c0000,cc6af07f8a262b4f66dc,[3065],CareCloud Charts Now Certified for Interoperability According to ONC Standards,2023-01-12
a09de18e9fdc1f5c8fee::c0000,a09de18e9fdc1f5c8fee,[3067],Top 4 Tech And Telecom Stocks That May Explode This Month,2023-10-27
1fa6906816be7939e104::c0000,1fa6906816be7939e104,"[3068, 4637]",Burger King Selects PAR Technology As Its Exclusive Point of Sale Software and Services Provider Across North America,2023-10-11
4c736073e0af3adfe2be::c0000,4c736073e0af3adfe2be,[3069],FTC launches technology office to keep up with Silicon Valley giants,2023-02-17
c95a07fe33385c9ae6bb::c0000,c95a07fe33385c9ae6bb,[3071],$500M for new tech hubs program included in federal spending bill,2022-12-20
5894961ab44938a0810e::c0000,5894961ab44938a0810e,[3072],Sneaky legit way to score free virtual tech support,2023-02-18
1eb022fc79debe8a984a::c0000,1eb022fc79debe8a984a,[3073],Information & Communications Technology SHSM,2023-09-12
15c40db8ed59a9660a1d::c0000,15c40db8ed59a9660a1d,[3074],Test and Burn-in Sockets Market to Witness Huge Growth by Key Players Yamaichi Electronics Cohu Enplas ISC,2023-01-15
367ded8f06c5d98b0250::c0000,367ded8f06c5d98b0250,[3075],Modern technology helping BCI solve decades-old mysteries,2023-09-07
7f57dde3bce434ed5f4b::c0000,7f57dde3bce434ed5f4b,[3076],Conduent Presents Solutions to Drive Banking Efficiencies and Improve Customer Experience at MBA Expo,2023-02-13
a927be3814c762887e86::c0000,a927be3814c762887e86,[3077],CBS Essentials: Tech,2023-02-25
f6d9326389107843ef0f::c0000,f6d9326389107843ef0f,[3080],Talent Acquisition and Staffing Technology and Services Market Global Demand Opportunity and Analysis Forecast 2023-2030,2023-08-13
527996710cd8b9279dcc::c0000,527996710cd8b9279dcc,[3082],Howard Tullman on why you shouldn’t gamble on tech security,2023-09-26
91148f838bfdd4e40405::c0000,91148f838bfdd4e40405,[3083],Tech Media & Telecom Roundup: Market Talk,2023-09-14
35d878ebac1ca97a5d04::c0000,35d878ebac1ca97a5d04,[3084],TD SYNNEX Expands Google Cloud Offering in Nearly 60 Countries,2022-12-19
528f4ac70cff57467af1::c0000,528f4ac70cff57467af1,[3085],Internet & Technology,2023-07-06
ddc78daa083c36effa9d::c0000,ddc78daa083c36effa9d,"[3086, 3510]",RDK6 to Deliver Newest Software Enhancements for Video Service Providers and Global Technology Suppliers,2023-09-13
2c32e83c161a7c69b489::c0000,2c32e83c161a7c69b489,[3087],How is your internet service? FCC wants you to tell them,2023-01-13
7be4955bad4e4765019f::c0000,7be4955bad4e4765019f,[3090],Best UK streaming and pay-TV services 2021: Sky Virgin Netflix and Amazon Prime compared and ranked,2023-05-02
cd3c8e6a669c78f56d32::c0000,cd3c8e6a669c78f56d32,[3091],University of Kentucky unveils new AI recycling technology,2023-03-21
7510236225442d50d667::c0000,7510236225442d50d667,"[3094, 4458]",City round-up: Johnson Service Group; K3 Business Technology,2023-03-07
5785d9528f0bd2e257f7::c0000,5785d9528f0bd2e257f7,[3098],Georgia Institute Of Technology Researchers Study That Cheerful Chatbots Don’t Improve Customer Service,2022-12-29
1eff7cd941abc503da16::c0000,1eff7cd941abc503da16,[3099],411 is going out of service for millions of Americans,2023-01-07
674797fafd304344df5d::c0000,674797fafd304344df5d,[3101],IDC: Cloud deployment spending up nearly 25% YOY in Q3,2023-01-16
eacd7112d889cb9f56a0::c0000,eacd7112d889cb9f56a0,"[3104, 4897]",Xi stresses advancing high-quality development of internet and information technology sector,2023-07-16
13497961024c1b02a30f::c0000,13497961024c1b02a30f,[3105],Photos: North Texans see strange looking clouds during stormy weather,2023-06-10
0da4f5294c21e17dceed::c0000,0da4f5294c21e17dceed,[3106],Rackspace Technology Supports Ohio National Chile IT Migration to the Cloud,2023-03-07
1e3a785126b6ba7e5a53::c0000,1e3a785126b6ba7e5a53,[3107],7 Tantalizing Technology Stocks to Buy for Long-Term Growth,2023-03-14
d1d496cacd9f75f4d330::c0000,d1d496cacd9f75f4d330,[3109],Tech Talk: How technology can help in an emergency,2023-09-13
4cdbaf6f9cb410885e5d::c0000,4cdbaf6f9cb410885e5d,[3110],Creditinfo Hires Jakub Žalio as Director of Global Technology and Solutions,2023-02-23
2af9734d56ae927539c1::c0000,2af9734d56ae927539c1,[3117],Moving to the supercloud means rethinking data management,2023-01-16
7ae3cf343909b4e752a1::c0000,7ae3cf343909b4e752a1,[3122],Freed from the corporate data center cloud-based GPUs come of age,2023-06-05
3b566359b018c9b99aba::c0000,3b566359b018c9b99aba,[3123],When I Work Continues Growth with Expansion of New C-Suite Leaders,2023-09-13
153721c184c3ab9b5d04::c0000,153721c184c3ab9b5d04,[3124],How Technology and Self-Efficiency Improves the Customer Experience,2023-01-30
0f572b5431ec2f24caf7::c0000,0f572b5431ec2f24caf7,[3127],Meta launches subscription service in US,2023-03-17
835d2437ca0b1dec1f46::c0000,835d2437ca0b1dec1f46,"[3128, 4432]",CBSE Class 12 Information Technology Syllabus session 2022-23: Download Class 12th IT Syllabus PDF,2023-03-17
07e3921f95890b15e940::c0000,07e3921f95890b15e940,[3129],High-tech California struggles to use technology managing state government | Dan Walters,2023-09-14
0adc619cd5a66f8a9f32::c0000,0adc619cd5a66f8a9f32,[3130],Technology has greatly helped to boost revenue collection,2023-02-13
3ea69b64c791d9b09437::c0000,3ea69b64c791d9b09437,[3131],Is technology to blame for worsening customer service?,2023-04-07
a4f93acb2f44e6eea404::c0000,a4f93acb2f44e6eea404,[3133],Adopting Cloud Tech: A Vital Move Towards Fostering Trust and Improving Data Exchange & Accessibility,2023-04-06
f34e639e2f527b1c577b::c0000,f34e639e2f527b1c577b,[3135],How technology is central to Chipotle’s guest and employee experience,2023-03-30
5f46de5726ba3ab7116b::c0000,5f46de5726ba3ab7116b,[3136],Springfield Technical Community College to offer free Computer and Digital Literacy Skills Course,2023-06-17
c648f328785333f10047::c0000,c648f328785333f10047,[3138],Data and Information Security Take the Spotlight at the Tech Tactics in Education Conference,2023-06-27
7d0ed3e943369d609961::c0000,7d0ed3e943369d609961,"[3141, 3534]",Closing service gaps with technology to be discussed,2023-05-21
d9cbaa62a02a52fce597::c0000,d9cbaa62a02a52fce597,[3142],Big Tech gets preview of questions U.S. House Republicans want answered,2022-12-14
6f86ab444fd81f1aad7b::c0000,6f86ab444fd81f1aad7b,[3144],What Happens Now to All the Laid Off Tech Workers?,2023-02-13
0e2343d5c3ff9ed1de3e::c0000,0e2343d5c3ff9ed1de3e,[3146],Ivy Tech partners with Jobs for the Future to offer Google Certificates,2023-06-04
2b4186a2ef262de145db::c0000,2b4186a2ef262de145db,[3150],AI-powered church service in Germany draws a large crowd,2023-06-12
e02672976f45b10cb3eb::c0000,e02672976f45b10cb3eb,"[3151, 4079]",Rogers v. Health and Human Services,2023-03-17
956543998bfcb73648a0::c0000,956543998bfcb73648a0,[3152],High-tech California struggles to use technology managing state government,2023-09-05
fd6ca968653abbd3f3ae::c0000,fd6ca968653abbd3f3ae,[3153],Dan Walters | High-tech California struggles to use technology managing state government,2023-09-06
0ec9f408017c107fed2c::c0000,0ec9f408017c107fed2c,[3157],New River CTC offering Advanced QuickBooks study,2023-05-10
47753f8eaf3b02935922::c0000,47753f8eaf3b02935922,[3158],Stewart Information Services Corporation (NYSE:STC) Q4 2022 Earnings Call Transcript,2023-02-10
42f63047487a3bbdbeea::c0000,42f63047487a3bbdbeea,[3159],Govt to launch Digital India Innovation Fund for deep tech startups,2022-12-31
ef29bffbbc31d39c3239::c0000,ef29bffbbc31d39c3239,[3163],Tech Media & Telecom Roundup: Market Talk,2023-09-19
303da1fca00bf51744c6::c0000,303da1fca00bf51744c6,[3164],Information and Communications Technology Industry Support Expands with Launch of BICSI India,2023-07-03
76467a45f2ea950a0320::c0000,76467a45f2ea950a0320,[3165],Seagate Technology Is Headed Lower,2023-10-05
1e524ebff15ba7ab41dd::c0000,1e524ebff15ba7ab41dd,[3167],Maxtec to showcase Security Operations and Cloud Security Solutions at ITWeb Security Summit,2023-05-22
3e4f1653845c0bb03d63::c0000,3e4f1653845c0bb03d63,[3168],Changes to bus tram and train services in South Yorkshire,2023-08-29
e0c560fd24a3c3ecd113::c0000,e0c560fd24a3c3ecd113,[3169],Tencent Cloud Launches Inaugural Web3 Product Tencent Cloud Blockchain RPC for Developers and Enterprises,2023-09-12
7a7482be4577e902327e::c0000,7a7482be4577e902327e,[3170],Callsheet for iOS offers a less cluttered ad-free alternative to IMDb,2023-08-07
894ff5fd5b8a52924e84::c0000,894ff5fd5b8a52924e84,[3171],In San Francisco Kenya''s president woos American tech companies despite increasing taxes at home,2023-09-15
ffdac873d60950ac9cdb::c0000,ffdac873d60950ac9cdb,[3172],Here are Friday''s biggest analyst calls: SoFi Technologies AutoZone Nvidia Meta & more,2023-06-16
308b859afb357b8827de::c0000,308b859afb357b8827de,[3253],ChatGPT provided better customer service than his staff. He fired them.,2023-10-03
6ce78d83018c967813f2::c0000,6ce78d83018c967813f2,[3254],CT collects troves of data on restraint seclusion in schools. But does little with it,2023-05-05
0fbe212a467552931f5f::c0000,0fbe212a467552931f5f,[3255],Colorado wants to win a ‘Tech Hub’ designation but so does almost every other state,2023-03-26
1a4b2cea8226296e0e23::c0000,1a4b2cea8226296e0e23,[3256],RRTC inducts 73 into National Technical Honor Society,2023-03-25
c8b06f1ce3c1577d0dcf::c0000,c8b06f1ce3c1577d0dcf,"[3257, 4380]",Need housing information? Tampa launches Tenant Services Team to help,2023-08-05
83bd8c74d0463a3944f2::c0000,83bd8c74d0463a3944f2,[3258],T & T Technology offers wide range of services,2023-07-14
9e20ccd3ee6c2fcee915::c0000,9e20ccd3ee6c2fcee915,[3259],Tech students launch university''s only environmental advocacy organization,2023-05-04
7a5398ea2f7146c17836::c0000,7a5398ea2f7146c17836,[3260],California bill advances requiring Big Tech to pay for news,2023-05-03
42c88ee9ff647047d87e::c0000,42c88ee9ff647047d87e,"[3261, 4403]",Southwest Airlines Resumes Service After ‘Technology Issues' Lead to Nationwide Ground Stop,2023-04-18
21dca5019d89237d6197::c0000,21dca5019d89237d6197,[3262],Police digitalise Central Motor Registry Information Service,2023-04-17
2aba0134ca3d3837ed57::c0000,2aba0134ca3d3837ed57,[3263],Walmart is closing tech hubs. What does that mean for planned expansion?,2023-02-15
29ca17874f79f495868f::c0000,29ca17874f79f495868f,[3264],The rise of multicloud networking and Connectivity-as-a-Service (Reader Forum),2023-05-04
4a5e303f43ece99c262e::c0000,4a5e303f43ece99c262e,[3265],Fidelity National Information Services (FIS) Stock Moves -0.9%: What You Should Know,2023-10-04
c8fd1bf16170dac04a50::c0000,c8fd1bf16170dac04a50,"[3266, 3351, 3452]",The hidden upside of tech layoffs,2022-12-14
4b2c43616ed484a6ed7c::c0000,4b2c43616ed484a6ed7c,[3267],New Study: We Are Wasting Up to 20 Percent of Our Time on Computer Problems,2023-09-10
5e0a627da56ee8ec68d9::c0000,5e0a627da56ee8ec68d9,[3268],Difference Between Computer Science and Information Technology,2022-12-03
b95176f08daff28bd0c0::c0000,b95176f08daff28bd0c0,[3269],Data is a stumbling block for most multicloud deployments,2023-02-07
75995bc25704f91b9287::c0000,75995bc25704f91b9287,[3270],Monday’s weather: Lots of clouds high of 66,2023-06-05
99cef82d481b967d6b89::c0000,99cef82d481b967d6b89,[3271],Technology News,2023-06-16
f47a3f301e4a6a510c72::c0000,f47a3f301e4a6a510c72,"[3273, 4742]",Library Programs and Services,2023-06-22
f70882b8b822d8c4fb09::c0000,f70882b8b822d8c4fb09,[3274],Exclusive Interview | Technology and war have to evolve together to ensure sustainability says Sandeep Shah,2023-02-13
28d1400c1874ff2ce7cc::c0000,28d1400c1874ff2ce7cc,"[3277, 3793]",CrowdStrike Dominates SC Awards 2023 Winning Best Enterprise Security Solution and Best Managed Detection and Response Service,2023-08-21
41ca4f7401b99a5e0482::c0000,41ca4f7401b99a5e0482,[3279],Why multi-cloud is already a top technology trend for 2023,2023-04-06
51c957b0449ab7008193::c0000,51c957b0449ab7008193,[3280],White House sets its sights on cloud overhaul,2023-03-10
28eccd170e56bef00d41::c0000,28eccd170e56bef00d41,[3282],Tech and biotech layoffs erase more than 19000 Bay Area jobs,2023-02-12
0ef91c65991d9ecdd612::c0000,0ef91c65991d9ecdd612,[3284],Microsoft Says Early June Disruptions to Outlook Cloud Platform Were Cyberattacks,2023-06-18
68c1c26716f54c57a494::c0000,68c1c26716f54c57a494,[3285],Western Digital’s My Cloud is still down but there’s a workaround,2023-04-07
57ad464145b98cedc5bb::c0000,57ad464145b98cedc5bb,[3286],Tech Media & Telecom Roundup: Market Talk,2022-12-14
1bd0a048f25b5451690d::c0000,1bd0a048f25b5451690d,[3288],Meta launches subscription service in US,2023-03-17
5deb3381f482aefd657f::c0000,5deb3381f482aefd657f,[3289],HPE to offer cloud computing service for artificial intelligence,2023-06-21
6c70cb2cbcc67db480ba::c0000,6c70cb2cbcc67db480ba,[3291],A Classified Cloud Is Headed to the Indo-Pacific,2023-05-11
e103084ea14ceb05b9ac::c0000,e103084ea14ceb05b9ac,[3295],Use BetMGM Ohio Bonus Code SBWIRE $1K Offer for Team USA Reds-Cubs & More,2023-07-31
557f462654abfe8f8517::c0000,557f462654abfe8f8517,[3298],Quantum computing pioneer D-Wave looks at the technology’s past present and future,2022-11-25
b84407a4b59a4d66e01c::c0000,b84407a4b59a4d66e01c,"[3299, 4232]",What does information technology in schools look like today?,2022-11-25
93d4460b3bec35ccb202::c0000,93d4460b3bec35ccb202,[3300],How SA is using spatial data technology for coastal and oceans monitoring,2022-11-24
bc29385016732fba7af7::c0000,bc29385016732fba7af7,[3303],Funding announced to bolster two local police services technology,2022-11-25
786b6c1609406f10de3b::c0000,786b6c1609406f10de3b,[3304],Jacobs plans spinoff of government services business,2023-05-10
9fa0b85203d439bc0cfa::c0000,9fa0b85203d439bc0cfa,[3305],Tech Media & Telecom Roundup: Market Talk,2023-06-12
75b5a225e08d48bbc405::c0000,75b5a225e08d48bbc405,[3307],Jackson Healthcare Names Brad Chason Senior Vice President of Information Technology,2023-05-08
36c7b8d26d032b543eee::c0000,36c7b8d26d032b543eee,[3308],How technology service providers can raise their relevance in 2023,2023-05-15
b7243d5d985845a50032::c0000,b7243d5d985845a50032,[3309],Cloudy and Cooler Forecast,2023-05-23
0800910d94c3c41f2cf9::c0000,0800910d94c3c41f2cf9,[3310],UP Faculty of Engineering Built Environment and Information Technology – where Smart Cities disruptive engineering and machine learning meet,2023-02-23
490dfb5640378572686d::c0000,490dfb5640378572686d,[3311],OIG Recommends Improvements in Cloud Service Monitoring at VA,2023-10-05
7d0b82ddf3562f712ce4::c0000,7d0b82ddf3562f712ce4,[3313],Buy this computer technology stock with more than 30% upside to play AI Barclays says,2023-09-19
7631ceb4a96dbca143aa::c0000,7631ceb4a96dbca143aa,[3316],SunCloud Health opens outpatient mental health center in Gaithersburg,2023-09-18
9f5c1b12f9841948b1c8::c0000,9f5c1b12f9841948b1c8,[3317],Socorro ISD approves 4% raise for teachers $1K stipend for employees,2023-06-22
8d57387e5358d0b8704c::c0000,8d57387e5358d0b8704c,[3318],Tech Tuesday: Quottly,2023-04-18
66ced7bb55f91bd1d81d::c0000,66ced7bb55f91bd1d81d,[3319],4 technologies that aren't that big today but will likely be massive in 20 years,2023-05-10
e3b2ed4c5246f5dde09a::c0000,e3b2ed4c5246f5dde09a,[3323],Tech Media & Telecom Roundup: Market Talk,2023-09-12
94ec9ded1d703dbcf255::c0000,94ec9ded1d703dbcf255,[3324],Countdown launches failed grocery delivery service Milkrun in New Zealand powered by Uber technology,2023-07-25
92f1ea6b729cb33b922a::c0000,92f1ea6b729cb33b922a,[3326],Former Google CEO linked to funding White House tech jobs,2022-12-23
2e5f13492ccbb0fe05f0::c0000,2e5f13492ccbb0fe05f0,[3327],2 Tech Stocks to Buy and One to Avoid in August,2023-08-09
05071acf1f51db4896ab::c0000,05071acf1f51db4896ab,[3328],Survey: parking information is the most valuable 'connected' car service for drivers,2023-04-05
912950aa5fecbc55b291::c0000,912950aa5fecbc55b291,[3329],The future of the cloud sure looks like it'll be paved in even more custom silicon,2023-09-12
ccc78d370e804ed18d0e::c0000,ccc78d370e804ed18d0e,[3332],Clouds dissipate in the afternoon and previewing Studio 10,2023-08-07
b765054960ca04caa2c9::c0000,b765054960ca04caa2c9,[3333],Infosys Collaborates with LexisNexis to Provide Information Services across Content Enterprise and Products Applications,2023-04-05
62f3cdd9e70dc7fffb7f::c0000,62f3cdd9e70dc7fffb7f,[3334],Patterson-UTI Energy Inc.: Patterson-UTI Energy to Participate in the Goldman Sachs Global Energy and Clean Technology Conference,2022-12-21
77ec796f47fd55347835::c0000,77ec796f47fd55347835,[3335],WT Micro to acquire Future Electronics for US$3.8 billion,2023-09-15
e0b2c44661a57561c11b::c0000,e0b2c44661a57561c11b,[3336],Tech Time: ChatGPT’s impact on banking today and in the future,2023-04-27
5ba4ba4336bc8005ae9f::c0000,5ba4ba4336bc8005ae9f,[3337],Microsoft opens top cloud data processing hub in Poland,2023-04-26
b88b581fda53a87f58fa::c0000,b88b581fda53a87f58fa,[3338],New data centers are supercharging cloud computing in smaller African countries,2023-06-22
f8fe6093db2c2f47a4b0::c0000,f8fe6093db2c2f47a4b0,[3340],Top 20 Information Technology Countries in the World,2023-06-09
a5b350e3064d45f05fb6::c0000,a5b350e3064d45f05fb6,[3342],Tech Media & Telecom Roundup: Market Talk,2023-06-09
0d61b1999a6f8e6e739e::c0000,0d61b1999a6f8e6e739e,[3343],Keeping it Cool and Cloudy,2023-05-18
cffc793791b7a5a22988::c0000,cffc793791b7a5a22988,"[3344, 4095]",GRAID Technology: Graid Technology and Liqid Announce Accelerated Data Protection for the World's Fastest NVMe Flash,2022-12-06
c8d466ec07b5940a8228::c0000,c8d466ec07b5940a8228,[3345],Tech’s Supreme Court showdown: part two,2023-02-22
6ad56034f315d315637a::c0000,6ad56034f315d315637a,[3346],Technology sure has shrunk over the years: Then and now in pictures,2023-02-22
6df47812a91944eb9349::c0000,6df47812a91944eb9349,[3348],Tech Media & Telecom Roundup: Market Talk,2023-04-17
c7b851e9ebc585df582d::c0000,c7b851e9ebc585df582d,[3349],The 'Game-Changing' Technology The Nuclear Industry Is Betting On For A Revival,2023-07-07
4e2a5e06de189bce9004::c0000,4e2a5e06de189bce9004,[3350],Is the tech industry impacting Seattle’s cooling real estate market?,2022-12-20
9bff422df04362871347::c0000,9bff422df04362871347,[3352],WiseTech acquires Blume Global,2023-02-18
0dcedd86c3fbc6daffaf::c0000,0dcedd86c3fbc6daffaf,[3354],AI Fixes 7 Out Of 10 Call Center Problems,2023-03-06
d7b4fc7b6f78a7c6fe3c::c0000,d7b4fc7b6f78a7c6fe3c,[3355],Gov Hochul announces climate tech investment,2023-04-16
5966eca34a8ca7912e00::c0000,5966eca34a8ca7912e00,[3362],mCloud Provides Corporate Update,2023-05-31
0b3bb4f0fd49e40b283a::c0000,0b3bb4f0fd49e40b283a,[3365],Whirlpool Corporation Unveils New Leading Edge Technology Center,2023-08-18
55dca85bc8a9ec7f9a7e::c0000,55dca85bc8a9ec7f9a7e,[3367],Tech That Will Blow You Away In 2023 And Beyond,2022-12-22
098b535406bb637f8440::c0000,098b535406bb637f8440,[3368],Culture Biosciences Focuses Technology and Service Platform on Biologics,2023-03-14
74502645d328b0b0eb63::c0000,74502645d328b0b0eb63,[3369],Tech layoffs aren''t hitting this digital job market where over 700000 workers are needed,2023-01-27
4a7cea8adbe10ce9b67c::c0000,4a7cea8adbe10ce9b67c,[3370],Big Tech's future is up to a Supreme Court that doesn't understand it,2023-02-21
a13ab19cd7ddcc666682::c0000,a13ab19cd7ddcc666682,[3372],The Google Graveyard: A look at the 6 services we lost in 2023,2023-04-13
711df8eb63be3b3a3345::c0000,711df8eb63be3b3a3345,[3373],Amazon’s cloud unit partners with Hugging Face maker of ChatGPT rival,2023-02-21
041343a56802f5115dc5::c0000,041343a56802f5115dc5,[3374],Tech Media & Telecom Roundup: Market Talk,2023-01-26
1d05a31fd10dabc8e78b::c0000,1d05a31fd10dabc8e78b,[3375],The Future 5 of Chicago Tech Q1 2023,2023-03-30
4774a5a6c50fda8b2512::c0000,4774a5a6c50fda8b2512,[3377],Vectorworks 2023 Service Pack 4 Delivers Next-Gen Technology to Designers,2023-03-14
57292c255629fec13e7c::c0000,57292c255629fec13e7c,[3378],Freedom of information,2023-07-06
e2025ee7917ac2102b3c::c0000,e2025ee7917ac2102b3c,[3381],Radware Introduces a Best-of-Suite Approach to Cloud Application Protection,2023-02-22
7ac181a7fbb0a637b7eb::c0000,7ac181a7fbb0a637b7eb,[3382],'It's a nightmare': Indian workers receive brunt of US tech layoffs,2023-02-24
7b527439ff6ea81c7846::c0000,7b527439ff6ea81c7846,[3385],New IBM survey reveals the greatest perceived barrier to professional or technical skill development is that programs are too expensive,2023-02-14
92ac90cdfca0ab4483a4::c0000,92ac90cdfca0ab4483a4,[3387],Prosecutors and Judges Push for Conviction Reviews Ban on Junk Science of 911 Call Analysis,2023-02-24
fc1737218f85f8e67b60::c0000,fc1737218f85f8e67b60,[3389],Extreme Creates First Networking Cloud Continuum Delivering Flexibility Cloud Sovereignty,2023-05-09
3af6058ff9af169ca8fd::c0000,3af6058ff9af169ca8fd,[3393],What the E.U.’s sweeping rules for Big Tech mean for your life online,2023-08-30
456aa25da3ddcd5e00e3::c0000,456aa25da3ddcd5e00e3,"[3396, 4761]",Issue UPDATE - Access to Microsoft 365 Online Services,2023-04-20
d62dbd0f92aa651edaf5::c0000,d62dbd0f92aa651edaf5,[3397],Jisc mergers boost digital and data technology offer to UK universities and colleges,2023-02-07
dd201fc4782571d2adcd::c0000,dd201fc4782571d2adcd,[3402],UJET Wins Google Cloud Technology Partner of the Year Award for Productivity and Collaboration - Contact Center AI,2023-08-29
a7c8e9b605a16a84aedc::c0000,a7c8e9b605a16a84aedc,[3403],The 5 Best Cloud Computing Stocks to Buy for 2023,2023-01-19
6c7cef9bb283d0721cd2::c0000,6c7cef9bb283d0721cd2,[3404],Columbus text to 911 service temporarily down emergency calls unaffected,2023-04-27
9604fe1be7a6c23739a0::c0000,9604fe1be7a6c23739a0,[3406],eCloudvalley Signs Strategic Collaboration Agreement with Amazon Web Services to Drive Global Expansion and Business Growth,2023-05-08
a801909bcf79eab2dbb4::c0000,a801909bcf79eab2dbb4,[3407],Cloud technology thriving in Vietnam,2023-04-28
c8556089bc98d5178cee::c0000,c8556089bc98d5178cee,[3408],Cisco beats Street; CEO says tech giant delivers ‘milestone year’,2023-08-17
25df50ff663a2cdd5b3c::c0000,25df50ff663a2cdd5b3c,[3409],Tech Exodus: From Silicon Valley to Main Street,2023-06-08
deb32e3560f6901c16a9::c0000,deb32e3560f6901c16a9,[3410],Russia’s FSB requests online services be required to collect and provide users’ geolocation and payment information,2023-10-04
9c6e94f886699822f27d::c0000,9c6e94f886699822f27d,[3411],SW North America to Host Open House & Technology Day,2023-08-18
466e51f552ed0839a553::c0000,466e51f552ed0839a553,[3412],Stock market today: Wall Street is mixed; Big Tech climbs,2023-06-09
59e60cf4df7923220e3c::c0000,59e60cf4df7923220e3c,"[3413, 3544]",This Firm Believes It Has The Technology And Expertise To Help Clients Invest Better In The Cannabis Industry,2022-12-22
2af964bea85c07b64ba6::c0000,2af964bea85c07b64ba6,[3415],Microsoft to shed 10000 jobs adding to glut of tech layoffs,2023-01-18
5d58568227b5d6b924b5::c0000,5d58568227b5d6b924b5,"[3416, 4659]",Information and Communication Technology,2023-05-26
8b434c36d26b769c226a::c0000,8b434c36d26b769c226a,"[3418, 3906]",Sygnia Named in the 2023 Gartner ® Market Guide for Digital Forensics and Incident Response Retainer Services for the Second Consecutive Time,2023-03-16
ebeb275e507ba0e3aa59::c0000,ebeb275e507ba0e3aa59,[3419],Environment,2023-01-04
e55da397ce7374d6326e::c0000,e55da397ce7374d6326e,[3420],Cyber technology school leaders students react to Huntsville being named top emerging tech market,2023-09-14
13c9c0a24f53aca0bfe4::c0000,13c9c0a24f53aca0bfe4,[3422],Best cloud computing services of 2023,2023-06-23
d5e714e834805e11d6cb::c0000,d5e714e834805e11d6cb,[3423],Information Security MSc,2023-06-22
458f783887f75343eb9a::c0000,458f783887f75343eb9a,[3427],Franklin rolls out new Cloudpermit software,2023-09-15
96577783c745101efce9::c0000,96577783c745101efce9,[3428],Storey County experiencing major phone issues,2023-04-26
50b0d34e2972352be42e::c0000,50b0d34e2972352be42e,[3429],Amazon is spending $100 million to teach cloud customers about AI,2023-06-23
65e248b222679d8fa9b1::c0000,65e248b222679d8fa9b1,[3431],Big Techs tours to return in Longview after three-year absence,2023-02-23
047473e0cd44f258840e::c0000,047473e0cd44f258840e,[3432],As chatbots boom Nvidia sales outlook beats Wall Street expectations,2023-02-22
bb2f4a7e64313d0f1c0f::c0000,bb2f4a7e64313d0f1c0f,"[3433, 3826]",Leidos wins $7.9 billion US Army information technology contract,2023-09-26
a294774dbe30abba504b::c0000,a294774dbe30abba504b,[3439],Tech Media & Telecom Roundup: Market Talk,2023-04-21
63719e6b10b829f31774::c0000,63719e6b10b829f31774,[3442],Sysdig CEO on How Open Source Fuels Cloud Container Defense,2022-12-20
f3cfb9319355158c61aa::c0000,f3cfb9319355158c61aa,[3445],Technology News,2023-06-08
81e27491aa414876fcfe::c0000,81e27491aa414876fcfe,[3446],Tech Layoffs Aren’t Slowing Down for Many Companies—Here’s Why,2023-03-06
ec735e3862b702833c32::c0000,ec735e3862b702833c32,[3449],Information Technology and Intellectual Property Law LLM,2023-09-01
01b9ffc5d5910b1df1f5::c0000,01b9ffc5d5910b1df1f5,[3453],Australia's WiseTech amps up U.S. logistics footprint with $414 million deal,2023-02-16
725ce4d7d006564b495e::c0000,725ce4d7d006564b495e,"[3454, 3831]",Toast Restaurant Technology Platform Approved for Marriott Select Service Hotels in the United States and Canada,2023-06-28
814a0a972e9e610c0f63::c0000,814a0a972e9e610c0f63,[3461],Meta''s Instagram Facebook to charge EU users for ad-free service - sources,2023-10-04
cb795e4f938f47a2b004::c0000,cb795e4f938f47a2b004,[3495],Tech Media & Telecom Roundup: Market Talk,2023-04-13
1679399f5b360d904a62::c0000,1679399f5b360d904a62,"[3496, 4613]",Top Call Center Technology Trends,2023-04-27
153258aa8e6d0afba087::c0000,153258aa8e6d0afba087,[3498],H2O.ai Brings H2O AI Cloud to the Snowflake Manufacturing Data Cloud,2023-04-13
414e1fce9646ac381157::c0000,414e1fce9646ac381157,[3500],Speedtechs mi-inta Illuminates Online Activity in the Home and Office,2023-01-19
801c20a5eb8fd9ef7e2a::c0000,801c20a5eb8fd9ef7e2a,[3503],First Alert for decreasing clouds Monday afternoon; Stormy weather returns Tuesday night,2023-01-23
b7bb879b023514d61b39::c0000,b7bb879b023514d61b39,[3504],“Tech is the problem and the solution” – Telefónica on the future of work and society,2023-01-20
874cbd27acf17aa4f21f::c0000,874cbd27acf17aa4f21f,[3506],Electric Toothbrush Market to Touch USD 3852.2 million by 2030 at 7.2% CAGR - Report by Market Research Future (MRFR),2023-01-25
c49bca10b7ecb8aea533::c0000,c49bca10b7ecb8aea533,[3507],Surgeon on Maury Regional medical staff hits 1K procedures with da Vinci system,2023-08-20
5792dc26d439e72208f3::c0000,5792dc26d439e72208f3,[3509],Big Tech is listening and tracking your voice recordings. How to make it stop!,2023-02-02
485d0136c5575a3dc0a2::c0000,485d0136c5575a3dc0a2,[3512],Minister of Railways Communications and Electronics & IT Ashwini Vaishnaw writes: Technology at your service,2023-03-29
9f81399c5bdfc3ee6245::c0000,9f81399c5bdfc3ee6245,[3514],How We Test Products and Services,2023-06-11
c11606313b706a49dd14::c0000,c11606313b706a49dd14,[3517],Colorado News,2023-08-04
261a84b3345b10678804::c0000,261a84b3345b10678804,[3522],Inside Tencent’s weirdly secretive customer service center,2023-05-17
4530e0520f780d78032c::c0000,4530e0520f780d78032c,[3523],Sip & Script: Local classes teach calligraphy while pouring wine,2023-07-31
482c1d8bb5ac00f15545::c0000,482c1d8bb5ac00f15545,[3529],Microsoft unveils OpenAI service for government customers,2023-06-09
8d10b349f9e3e521109a::c0000,8d10b349f9e3e521109a,[3532],These Technological Relics Will Have You Nostalgic About Your Time In The Classroom,2023-06-03
32e44c15511c447c626b::c0000,32e44c15511c447c626b,[3537],10 Best Phone Systems For Call Centers,2023-08-29
0b27b01ce4f9133d4160::c0000,0b27b01ce4f9133d4160,[3540],10Pearls Recognized on the 2023 Inc. 5000 for the 5th Consecutive Year,2023-08-17
d6941289eac00c9916e9::c0000,d6941289eac00c9916e9,[3542],The Download: what’s next for supercomputers and electrifying everything,2023-09-21
9ee268c3670a2a4e6db4::c0000,9ee268c3670a2a4e6db4,[3604],15 Biggest Non-Tech Companies in the World by Market Cap,2023-01-09
de71f3fb01a264634826::c0000,de71f3fb01a264634826,[3605],Modern technology boosts construction deployment time,2023-04-20
4fca63eddc2495dfaba4::c0000,4fca63eddc2495dfaba4,[3607],Kuwait: Information system services,2023-09-28
c8c6d967abdbeeaf9e73::c0000,c8c6d967abdbeeaf9e73,[3608],Tech Down on Retreat From Risk -- Tech Roundup,2023-10-13
90d1adb6978ea6f6e4d5::c0000,90d1adb6978ea6f6e4d5,[3609],Big tech’s billions for climate: Here’s where Amazon and Microsoft are making their carbon bets,2023-03-01
c651437bf9bdbe5b6c63::c0000,c651437bf9bdbe5b6c63,[3684],Mini PCs vs. Laptops: What’s the Difference and What Is Right for Your Organization?,2023-03-24
3c7fb6447948b4e5e179::c0000,3c7fb6447948b4e5e179,[3687],AI Testing Services Market Size Information Technology Analysis: Players and Strategies,2023-09-29
c653a5c8f00fe24dc762::c0000,c653a5c8f00fe24dc762,[3692],IT for financial services,2023-07-13
22f756bec791caaeeff8::c0000,22f756bec791caaeeff8,[3694],Apple has been quiet about ChatGPT. Now Tim Cook says its hefty $22.6 billion research spend is down to generative AI.,2023-08-04
f0a8ffb45db65b4d9250::c0000,f0a8ffb45db65b4d9250,[3695],Who Called Me From This Phone Number? 5 Best Sites to Find Out Who Is Calling,2023-09-20
6a2e711ed54a709946ec::c0000,6a2e711ed54a709946ec,[3696],Toast restaurant technology platform approved for Marriott Select service hotels,2023-06-13
b1eea754683584b3f880::c0000,b1eea754683584b3f880,[3699],‘You guys got involved’ Call 4 Action helps get bogus school bus citation voided,2023-06-02
4178670c60eb62eada67::c0000,4178670c60eb62eada67,[3704],Hirtle Callaghan Opens Offices in Scottsdale and Minneapolis,2023-01-18
c8e8501bfe68b80a340b::c0000,c8e8501bfe68b80a340b,[3706],Hospital computer system in Texas hit by cyberattack,2023-08-04
975c3fab1ffa3a9a7d94::c0000,975c3fab1ffa3a9a7d94,[3708],How Do Spam Callers Spoof Phone Numbers to Appear Local?,2023-07-31
6d9b5b812c767845bce1::c0000,6d9b5b812c767845bce1,[3710],US Announces Criminal Cases Involving Flow of Technology Information to Russia China and Iran,2023-05-17
43d6323712cf9e3e8008::c0000,43d6323712cf9e3e8008,[3713],A10 Networks: Q2 Earnings Snapshot,2023-07-26
b77a3e1b8681217b97b7::c0000,b77a3e1b8681217b97b7,[3718],Dealer Forward: how technology is optimizing the service department workflow,2023-07-11
cf4a0a06fa741d2101e8::c0000,cf4a0a06fa741d2101e8,[3724],TRUECHIP ANNOUNCES EARLY ADOPTER VERSION OF SUB-SYSTEM VERIFICATION IP,2023-02-28
7830f45601a2e8cfd952::c0000,7830f45601a2e8cfd952,[3732],Best Gaming Laptops From CES 2023 So Far,2023-01-04
02ddd1f925d0512c55ef::c0000,02ddd1f925d0512c55ef,[3735],AI Summit 2023: ‘Putting Pakistan on the map for artificial intelligence’,2023-03-01
4950288d118e97516839::c0000,4950288d118e97516839,[3736],Teledyne LeCroy enables validation testing of solid-state storage power and sideband capabilities,2023-08-11
09a9278f984d8793c6aa::c0000,09a9278f984d8793c6aa,[3738],'Computers With A Cause' brings laptops to Maui youth in need,2023-07-29
cedcf559814419417f9e::c0000,cedcf559814419417f9e,[3763],Calix Extends SmartTown To Support First Responders Expanding the Positive Impact Broadband Providers Can Make in Their Communities,2023-10-16
770b3c67a7dd4b2add10::c0000,770b3c67a7dd4b2add10,[3767],University Career Services,2023-07-10
98e167ae9267ccadbed5::c0000,98e167ae9267ccadbed5,[3776],Advancing Security and Privacy Education,2023-02-01
37a20cae04e58ba1a673::c0000,37a20cae04e58ba1a673,[3777],Chandler Intel workers made nearly 800 calls to police over last 3 years records show,2023-03-02
178b0b3a15d0edd5fcc6::c0000,178b0b3a15d0edd5fcc6,[3779],Microsoft unveils premium messaging powered by ChatGPT,2023-02-02
7192527da4e6d1d616f8::c0000,7192527da4e6d1d616f8,"[3780, 4109, 4222, 4773]",The secrets of Southern California speakeasies: How to find one how to get in,2023-03-15
da4742e2d9383029d2d1::c0000,da4742e2d9383029d2d1,[3787],Capital Square Basil Technology Set Up Technology Services Dedicated Funds In Asia,2023-01-20
b1900e2a695bda26f9e5::c0000,b1900e2a695bda26f9e5,[3791],Secret Service and ICE conducted warrantless stingray surveillance says watchdog,2023-03-02
410c63f973d78980ca14::c0000,410c63f973d78980ca14,[3792],Combating Stealer Malware in Today’s Cyber Landscape,2023-09-27
1f0e72f3ec0a6fb2d98c::c0000,1f0e72f3ec0a6fb2d98c,[3794],A tech CEO says he likes to take customer support calls because some leaders go their 'entire career without ever meeting a customer',2023-10-04
f341fe6a4f77bcd3c763::c0000,f341fe6a4f77bcd3c763,[3795],Knicks rally to beat Pacers 109-106 for 7th straight victory,2022-12-19
b3a45cc5c9e7d6865f54::c0000,b3a45cc5c9e7d6865f54,[3822],School computer tech is harming LGBTQ+ students,2023-09-25
0295c516df64053adca1::c0000,0295c516df64053adca1,[3823],Over 60000 calls in AZ during first year of new mental health hotline,2023-07-15
542a3f1b4ea5c597c986::c0000,542a3f1b4ea5c597c986,[3825],Limit access to most secret US documents Senate intel panel head says,2023-04-23
fe4ee1cd45fdd39dd5b0::c0000,fe4ee1cd45fdd39dd5b0,[3836],Heat use balanced scoring rally to beat Magic 106-103 in OT,2023-02-12
3a6d36139e9fb2a13ee4::c0000,3a6d36139e9fb2a13ee4,[3837],WhatsApp starts testing Schedule call feature on Android beta: Report,2023-02-08
61ef055de31fc973242c::c0000,61ef055de31fc973242c,[3838],A10 Networks Reports Record Revenue Full-Year Revenue of $280.3 Million Fourth Quarter Revenue of $77.6 Million,2023-02-07
73cdd9d135123214e2ad::c0000,73cdd9d135123214e2ad,[3839],Facing Plummeting Demand for PCs Dell Decides to Cut 6650 Jobs,2023-02-06
fde57286f9c59eb6e18d::c0000,fde57286f9c59eb6e18d,[3841],Lending 2.0: How technology and data are easing credit access for MSMEs,2023-01-10
dacc57c00bd6f05903ef::c0000,dacc57c00bd6f05903ef,[3864],Hochul signs legislation to crack down on unwanted telemarketing calls,2022-12-19
f607bdede0b80f891ec2::c0000,f607bdede0b80f891ec2,[3869],Cadence and TSMC Collaborate on N16 79GHz mmWave Design Reference Flow to Accelerate Radar 5G and Wireless Innovation,2023-04-25
4fa47dfc012429e47962::c0000,4fa47dfc012429e47962,[3870],MwareTV to Showcase One-stop Managed IPTV Service at NAB,2023-03-23
79e2143dc70e8502eeb4::c0000,79e2143dc70e8502eeb4,[3871],Call center services Philippines: Why outsourcing is a sound business decision,2022-12-20
b8104fedb466c6164855::c0000,b8104fedb466c6164855,[3874],WiMi Releases A Highly Reliable Silent Speech Recognition System Based on Multi-featured Signal Sensing Technology,2023-04-25
02a90db2fdd1e00cdee2::c0000,02a90db2fdd1e00cdee2,[3875],It's Your Call for Sept. 18,2023-09-18
cb1dfd27c203915d8ae2::c0000,cb1dfd27c203915d8ae2,[3880],Customer-centricity takes center stage: How Dell is addressing cloud mobility,2023-05-24
e2bbfcee6785be0c02e7::c0000,e2bbfcee6785be0c02e7,[3883],Spam calls/texts have increased so can they be stopped?,2022-12-15
4c795c0a871923f81983::c0000,4c795c0a871923f81983,[3894],Comment: The role of technology solutions in enabling ICSs to drive service transformation,2023-02-08
3d5275a7cdf110f3afbb::c0000,3d5275a7cdf110f3afbb,[3896],RTA rolls train 1000 Emirati students in engineering and technology,2023-01-09
e434e4370396a7b3659b::c0000,e434e4370396a7b3659b,[3897],A customer service upgrade for HBCUs,2023-02-10
5147db6b24a4f9ffef2f::c0000,5147db6b24a4f9ffef2f,[3898],PGA Championship Round 2: Tee Times Leaderboard and More,2023-05-19
0555fe314c04d2785371::c0000,0555fe314c04d2785371,[3905],Wolters Kluwer GRC recognized as Employer of the Year for financial and legal technology,2022-12-08
86464f919274248677f5::c0000,86464f919274248677f5,[3912],Ask SAM: Why was a reverse 911 call made so early?,2023-01-06
fcebbdb541083fbff927::c0000,fcebbdb541083fbff927,[3914],Concept of contactless warfare has highlighted need for advanced tech: Defence Minister Rajnath Singh,2023-05-15
9c97840db05594e90262::c0000,9c97840db05594e90262,[3920],411 is going out of service for millions of Americans,2023-01-08
3b2cf9314a87e148cc46::c0000,3b2cf9314a87e148cc46,[3923],Technology Readiness For Next-Generation Wireless Assistive Listening And Augmented Audio Experiences,2023-04-11
0fdc44f8020f92c94148::c0000,0fdc44f8020f92c94148,[3925],ZAC delivers Laptops to help learners gain digital skills,2023-06-02
42903799c26f9311c063::c0000,42903799c26f9311c063,[3934],Heat use balanced scoring rally to beat Magic 106-103 in OT,2023-02-12
1f64e5c21670d8aa4a8a::c0000,1f64e5c21670d8aa4a8a,"[3936, 4361]",Harrison/Taylor 911: AT&T working to resolve 911 dialing issue for cell phones in North Central West Virginia area,2023-03-24
fadccb9acb05eb7ad25e::c0000,fadccb9acb05eb7ad25e,[3938],OpenAI's ChatGPT gets support for a dozen application plug-ins,2023-03-24
fb9216671c43e5c46ebd::c0000,fb9216671c43e5c46ebd,[3939],Intermedia Adds Free International Calling to 33 Countries,2023-10-16
6438362dc1c3c8f9402d::c0000,6438362dc1c3c8f9402d,[3940],UN Warns Against 'Excessive' Tech Use In Classrooms,2023-07-26
4482a2cbb8c417fef6d3::c0000,4482a2cbb8c417fef6d3,[3943],Google nears release of AI software Gemini The Information reports,2023-09-15
9034922aea466fde7542::c0000,9034922aea466fde7542,[3944],Brompton Technology powers Tencent Games’ CDD Virtual Studio,2023-10-18
ea329edc9edc35f6e1c6::c0000,ea329edc9edc35f6e1c6,[3945],Diagnal Lounges.tv maintain technology partnership,2023-09-27
e7b35f069b85cb095740::c0000,e7b35f069b85cb095740,[3946],Researcher detects severe vulnerability on Intel CPUs that could compromise sensitive information,2023-08-20
71ec5cf59f38e90a0e0e::c0000,71ec5cf59f38e90a0e0e,[3949],Investing in Internet of Things Stocks,2023-01-20
4b17a34e7a593a4b2113::c0000,4b17a34e7a593a4b2113,[3950],SERVICE ISSUE - Wi-Fi networking on the Middlebury Campus,2023-03-02
f67adddab19eef8a3d00::c0000,f67adddab19eef8a3d00,[3952],Those who invested in Information Services (TSE:ISV) three years ago are up 74%,2023-04-08
1bd2af7b1542e39b9d27::c0000,1bd2af7b1542e39b9d27,[3956],Unbundled legal services – risks and mitigations,2023-03-24
897eb197a2b083405692::c0000,897eb197a2b083405692,[3957],Best VoIP Services (October 2023),2023-10-04
5c679d09c241ba9f3fa6::c0000,5c679d09c241ba9f3fa6,[3960],How to protect your health information when using wearable technology,2023-09-14
fb7cfc64762b9e64b461::c0000,fb7cfc64762b9e64b461,[3962],15-year-old starts community service program to teach senior residents how to use basic technology,2023-08-19
3f29143a1342145320c2::c0000,3f29143a1342145320c2,[3965],Secure messaging apps line up to warn UK's Online Safety Bill risks web security,2023-03-10
d5156177dccf3631e4b6::c0000,d5156177dccf3631e4b6,[3967],Arlene Gaylord Named Executive Assistant Director of FBI’s Information and Technology Branch,2023-09-14
56a807a1e28a48a58e88::c0000,56a807a1e28a48a58e88,[4002],Qualcomm in Partnership With MTM Technology and Campina Grande's City Hall Launches Platform for Supporting Pregnant Women,2022-12-02
362f64b45f25ee45dbe5::c0000,362f64b45f25ee45dbe5,[4005],Royal Mail export services severely disrupted after 'cyber incident',2023-01-12
06139fbe02e6dfb4d7b0::c0000,06139fbe02e6dfb4d7b0,[4007],Talent Acquisition & Staffing Technology & Services Market (New Report) 2023 Is Flourishing Around the World by 2029 | 115 Pages Report,2023-01-11
a09bff6979bfb2777be2::c0000,a09bff6979bfb2777be2,[4010],Healey Driscoll Announce Economic Technology Services Security Heads,2023-01-06
22ffbb5dfc16d7ab068d::c0000,22ffbb5dfc16d7ab068d,[4014],Opinion: Is ChatGPT's Hype Outpacing Its Usefulness?,2023-07-13
f6efe72b0def45320a79::c0000,f6efe72b0def45320a79,[4015],A Technology-Led Approach to SIF Prevention,2023-09-18
8fd04f9723ccd462b676::c0000,8fd04f9723ccd462b676,[4077],Column: Del Mar man made a world-changing phone call 50 years ago,2023-04-01
03aff6812e82afb34c2e::c0000,03aff6812e82afb34c2e,[4080],ISG Advisors Recognized as 2022 HRO Today Superstars Leading Clients Through Disruptive Times,2022-12-20
96089b29437838e59988::c0000,96089b29437838e59988,[4091],Bioremediation Technology and Services Market Research Report 2023 by Product Application End-users Region And Global Forecast to 2029,2023-02-09
0928d566647af6f68748::c0000,0928d566647af6f68748,"[4094, 4474]",UKG Celebrates 2022 Technology and Service Partners of the Year,2023-01-05
992141162100e3163ab3::c0000,992141162100e3163ab3,[4097],About 100 A&T landline customers may not be able to call 911 due to network issue,2023-03-31
c7680d66181d56bee368::c0000,c7680d66181d56bee368,[4100],CereCore expands healthcare technology services into the UK,2022-12-08
a00a3aa5f0b1e8662832::c0000,a00a3aa5f0b1e8662832,[4101],We Should Be More ‘Amish’ About Technology,2023-05-21
6716f7f32fe21c77d209::c0000,6716f7f32fe21c77d209,[4103],OX Security integrates ChatGPT to improve software supply chain security,2023-05-18
d1752144683001a9020e::c0000,d1752144683001a9020e,[4106],NASA sets release date for $1.3B IT services solicitation,2023-01-06
12a0a50eebb5078e2416::c0000,12a0a50eebb5078e2416,[4111],5G pros and cons,2023-01-09
1e35ea0eee9c40a20803::c0000,1e35ea0eee9c40a20803,[4112],Citizen's new watch uses NASA technology and AI to determine your fatigue,2023-01-06
7edbdf492d646642bcb0::c0000,7edbdf492d646642bcb0,[4115],Stop Calling Everything A.I. It's Just Computers Doing Computer Stuff,2023-05-13
0f0042a6a14d47c70d59::c0000,0f0042a6a14d47c70d59,[4124],Microsoft Ditching Yammer Brand for Viva Engage,2023-02-14
f2679a1c3c4aad910d46::c0000,f2679a1c3c4aad910d46,[4125],A CT gadget guru offers a look at the current tech landscape,2023-01-09
8f084f3dcc1fcc0edb46::c0000,8f084f3dcc1fcc0edb46,[4127],Yes there is a law that regulates how loud TV commercials can be,2023-02-13
5e576cbceba934398d85::c0000,5e576cbceba934398d85,[4129],NIST Seeks Input on Standards for Protecting Sensitive Government Information,2023-06-16
2a64e49c458a3c5b3fe7::c0000,2a64e49c458a3c5b3fe7,[4130],What to know about the emergency alert test hitting your cellphones and TVs,2023-10-04
dfaae2a9fcbb531645b2::c0000,dfaae2a9fcbb531645b2,[4131],You don't need an expensive gaming keyboard,2023-02-16
dd5b8d5b3b498aa30fe0::c0000,dd5b8d5b3b498aa30fe0,[4132],Governor Moore Announces Major Action to Modernize Maryland Department of Information Technology Services and Operations,2023-08-16
252da96c78deae549634::c0000,252da96c78deae549634,[4133],New IBM survey reveals the greatest perceived barrier to professional or technical skill development is that programs are too expensive,2023-02-14
7f01c8536bfab187a93f::c0000,7f01c8536bfab187a93f,[4135],Microsoft unveils three new Surface computers: laptop tablet and PC – CNBC,2023-09-15
ee44bdf989f6100f5b4e::c0000,ee44bdf989f6100f5b4e,[4136],The cloud is key for financial services undergoing digital transformation,2022-12-25
de5dc212006cbd4590fd::c0000,de5dc212006cbd4590fd,[4141],Executive Order on providing proof of legal identity of a Russian Federation citizen using information technology,2023-09-20
6fdc12d9f522c59d8af6::c0000,6fdc12d9f522c59d8af6,[4143],People Are Calling Out Industries That Shouldn''t Exist Anymore And Whew,2023-02-12
a7f203b3f4937f9dee8c::c0000,a7f203b3f4937f9dee8c,[4169],Koch Engineered Solutions and Percepto Join Forces To Bring Cutting-Edge AI and Autonomous Drone Technology to Industrial Customers,2023-02-08
17241d503e81125ffe31::c0000,17241d503e81125ffe31,[4186],Information media and telecommunications industry,2023-03-07
3319f1788597d97687ad::c0000,3319f1788597d97687ad,[4188],Computer Keyboards Market to Surpass US$ 6047.6 Mn by 2032 Driven by Demand for Ergonomic Keyboards,2023-01-10
d5f970fc636b462104f5::c0000,d5f970fc636b462104f5,[4189],MAI Acquires Call Center Operator WASI to Bolster MAI Voice Contact Services Division,2023-03-14
f2c04f4337fcaa8aa1ae::c0000,f2c04f4337fcaa8aa1ae,[4192],Accommodation and food services industry,2023-03-07
115ebe3f4f9f12d4b219::c0000,115ebe3f4f9f12d4b219,[4221],Leeds man dies 12 weeks after diagnosis with 'horrific' lung disease as daughter raises £1k on awareness walk,2023-09-08
e3f9a528abc4ef829713::c0000,e3f9a528abc4ef829713,[4223],Answering the call: Inside look at how Community Ambulance responds to 911 calls on Las Vegas Strip,2023-02-14
39ca90dcdd26babaaf87::c0000,39ca90dcdd26babaaf87,[4227],X To Battle With Whatsapp And Telegram With Call Service,2023-09-01
dbfd1164b194423b5846::c0000,dbfd1164b194423b5846,[4231],How Many Language Service Providers Have Piloted ChatGPT in Workflows?,2023-05-23
df0422702f17119bce74::c0000,df0422702f17119bce74,[4235],10/10 for Lens as it maintains perfect league home record,2023-01-14
8c943fe9134c5ed6b3ef::c0000,8c943fe9134c5ed6b3ef,[4238],Southwest Ga. 911 center to get much needed upgrades,2023-03-16
55c3dc9d958ee99a8074::c0000,55c3dc9d958ee99a8074,[4308],Business and technology trends for Professional Services in 2023,2022-12-31
2d4d7f2468e0f6d1a817::c0000,2d4d7f2468e0f6d1a817,[4309],2 Million Calls Messages To 988 Mental Health Helpline In First Six Months,2023-01-10
3dab67c22d7fc1e80338::c0000,3dab67c22d7fc1e80338,[4310],ACES Assistive Technology Services: Helping Remove Barriers to Learning,2022-12-30
f5d932c1eb61e83715cf::c0000,f5d932c1eb61e83715cf,[4311],ChatGPT Integration Powers Newegg’s PC Builder Tool to Surpass 200000 User Prompts in Open Beta,2023-05-17
a92d1e56b20896c76cd6::c0000,a92d1e56b20896c76cd6,[4335],Win $1K In Gift Cards In Rotary's 2023 Herndon Reston Holiday Raffle,2023-10-30
7ea038da6b3b6cf12d15::c0000,7ea038da6b3b6cf12d15,[4336],Massive job cuts signal turning point for information technology sector: Yomiuri Shimbun,2023-01-13
a6c033d26aa97851a4a8::c0000,a6c033d26aa97851a4a8,[4338],Kyndryl unveils incident response and forensics service AWS threat intelligence collaboration,2023-06-10
4b176436f7401cf0e3eb::c0000,4b176436f7401cf0e3eb,[4339],Young and Plum each score 26 points as Aces dominate Liberty 99-82 in WNBA Finals opener,2023-10-09
6a081fda29253b235d8e::c0000,6a081fda29253b235d8e,[4342],Stockport Educational Psychology Service,2023-08-16
ddd0d2a0314e43af8eff::c0000,ddd0d2a0314e43af8eff,[4343],Low-code/no-code platforms and SaaS: the next evolution in clinical trial technology,2022-12-13
2f36411266f586bdace9::c0000,2f36411266f586bdace9,[4344],First Call: Mike Tomlin calms talk about Cam Heyward's status; Terrell Edmunds ponders 'package deal' with brother,2023-01-10
973a1f00c7cdce6f7989::c0000,973a1f00c7cdce6f7989,[4345],ROCCAT's Best-Selling & Award-Winning PC Gaming Keyboards Go Wireless With the Vulcan II Mini Air,2023-06-20
6a2299a839cf5fedd4df::c0000,6a2299a839cf5fedd4df,[4347],Technology can raise barriers to learning English ESL students and teachers say,2023-06-27
b8a1b35b77b038953e0a::c0000,b8a1b35b77b038953e0a,[4350],Queensland Parks and Wildlife Service fines fisherman for feeding dolphin,2023-04-14
8a473a5ef40cd7e1d56d::c0000,8a473a5ef40cd7e1d56d,[4351],Bridges'' perfect 1st quarter sends Nets past Hornets 102-86,2023-03-06
2cc22a844fa81d249fdf::c0000,2cc22a844fa81d249fdf,[4363],Telephone and Texting Compliance News: Regulatory Update — Industry Traceback Group Publishes Report Showing Decrease in Illegal Calling,2023-04-01
be61ce3daeb3ab1055d6::c0000,be61ce3daeb3ab1055d6,[4364],Acer Reportedly Still Shipping Products to Russia Despite Saying It Wouldn''t,2023-06-09
ec53c0db5e6e7fd020f4::c0000,ec53c0db5e6e7fd020f4,[4369],Enjoy a Unique Speakeasy Experience at Hell or High Water,2023-01-10
d4f1348a9b40e9120828::c0000,d4f1348a9b40e9120828,[4373],I'm A Traveling Mompreneur. Here's Why Ditching Sales Calls and Using DMs Was The Best Thing For My Sales,2023-01-25
0eac4ed34c56471bd83d::c0000,0eac4ed34c56471bd83d,[4379],The Essay’s Future: We Talk to 4 Teachers 2 Experts and 1 AI Chatbot,2022-12-19
a51d66c957773cbdd81f::c0000,a51d66c957773cbdd81f,[4382],Information for the public on industrial action,2023-07-21
d3ee3e2189c74a35a9a3::c0000,d3ee3e2189c74a35a9a3,[4383],Virginia Institute of Autism and St. Vincent's merge operations and services,2023-01-11
9cb082392d3ac2672c34::c0000,9cb082392d3ac2672c34,[4384],Cyberattack keeps hospitals' computers offline for weeks,2023-08-19
f42237f9d2c527ab2232::c0000,f42237f9d2c527ab2232,[4385],Woman celebrates 107th birthday; children say she always has positive attitude,2023-08-23
db62ae6851360b4c5e44::c0000,db62ae6851360b4c5e44,[4386],Unusual Call Option Trade in Microsoft Worth $1142.91K,2023-05-05
79304082cbab91574a82::c0000,79304082cbab91574a82,[4388],Curriculum and social service,2023-06-20
20a3bf89948e850b24f5::c0000,20a3bf89948e850b24f5,[4391],Prime Minister chooses layer to lead National Information Service,2023-04-20
1a3169da3b9437ee50a2::c0000,1a3169da3b9437ee50a2,[4392],Keep Getting Pesky Phone Calls With No Call ID? Tech Expert Say To Enable Call Blocking & Utilize Do-Not-Disturb Mode,2023-06-24
afeb94aeddb12aede59f::c0000,afeb94aeddb12aede59f,[4394],Microsoft Industry Blogs: Manufacturing and mobility,2023-08-09
dcee3f122b2025bf8f05::c0000,dcee3f122b2025bf8f05,[4397],Nigeria and the huge potential of semiconductor technology By Shehu-Tijjani Abdullahi,2023-08-25
a41299ccf74798a10636::c0000,a41299ccf74798a10636,[4404],Computing and Information Sciences Degrees,2023-08-08
e2cade6934f7e69421e5::c0000,e2cade6934f7e69421e5,[4407],Projects become products: Dell unveils its long-term game plan for the edge,2023-05-24
cc532023b336aad4fef8::c0000,cc532023b336aad4fef8,[4409],New Connecticut special education system riddled with flaws threatens compliance and services teachers say,2023-02-20
cf5357222e9cb10dde42::c0000,cf5357222e9cb10dde42,[4414],What Is the Fastest Supercomputer in the World?,2023-09-18
28d53cc69fd66fd3b1df::c0000,28d53cc69fd66fd3b1df,[4415],EXPLOREX PARTNERS WITH MSWIPE TO STREAMLINE PAYMENT SOLUTIONS TO ITS PARTNER RESTAURANTS,2023-03-06
869c4f74ff686ba7c943::c0000,869c4f74ff686ba7c943,[4420],The Revolution Of Listening And Empowering Flexibility,2023-06-07
4dcfb3e3be64200e6a2c::c0000,4dcfb3e3be64200e6a2c,[4421],News tagged with information technology,2023-06-01
26964c8a68da7f3a5a68::c0000,26964c8a68da7f3a5a68,[4422],US announces game-changing technology standards,2023-05-05
0263751a5949aa774bf7::c0000,0263751a5949aa774bf7,[4424],Shhhhhh—are you listening? | Cheryl Kees Clendenon,2023-09-19
1ee548c258299c014b5f::c0000,1ee548c258299c014b5f,[4425],Tech Talk: Setting aside ‘device free’ time everyday,2023-03-03
47ad155f3ce9c04d6bb6::c0000,47ad155f3ce9c04d6bb6,[4426],Renovus unveils new government services company,2023-04-19
e61b9eb7cebf2ce06586::c0000,e61b9eb7cebf2ce06586,[4433],ATAS support through complaint process a winner,2023-07-07
7d22ab038e6eaf1ac15e::c0000,7d22ab038e6eaf1ac15e,[4439],Founder of Framingham-based Call2Talk has been chosen for Lifesaver Leadership Award,2023-05-05
c741cac6633f8ca32687::c0000,c741cac6633f8ca32687,[4440],EE launches new PC gaming laptop bundles,2023-05-03
58e07ab539cdc11eb44b::c0000,58e07ab539cdc11eb44b,[4442],'Music on Call' program continues to prosper,2022-12-17
959cc04e4ca4271cba53::c0000,959cc04e4ca4271cba53,[4447],Service leavers' guide,2023-08-19
0c9eea57cd8749096b1b::c0000,0c9eea57cd8749096b1b,[4449],Life Science Health & Wellness Technology Analysis Service: Monthly Collection of Disruptive and Groundbreaking Technological Innovations,2022-12-16
d0862aa0d7c7b80b5eab::c0000,d0862aa0d7c7b80b5eab,[4450],'Significant' increase in accidental 999 'pocket dials' prompts call from police,2023-06-08
6d3408b7f743e34fb6f2::c0000,6d3408b7f743e34fb6f2,[4452],Hampton professor talks technology advancement in learning and ChatGPT,2023-08-30
79995d7e192cf0d1a9fa::c0000,79995d7e192cf0d1a9fa,[4453],Exclusive-Taiwan's Acer ships computer hardware to Russia after saying it would suspend business -data,2023-06-08
58acdde95e8fb71e7023::c0000,58acdde95e8fb71e7023,[4454],What to expect when you call 911 in Kansas City — from wait times to emergency response,2023-06-13
fdd094b51067ee1c7b2e::c0000,fdd094b51067ee1c7b2e,[4455],EU court rejects Meta challenge to antitrust information requests,2023-05-24
f46719dc47fab7d25b19::c0000,f46719dc47fab7d25b19,[4456],3CLogic CTI and Contact Center Solution Now Available on SAP® Store,2023-03-21
b12ab396f03b65709834::c0000,b12ab396f03b65709834,[4463],Aware Partners with World Wide Technology to Accelerate New Revenue for Service Providers,2023-01-18
b94f20a551ea2c43fb2d::c0000,b94f20a551ea2c43fb2d,[4464],AI’s “tech tsunami” is coming for call center workers,2023-07-17
aa5fda5a5af8f0552665::c0000,aa5fda5a5af8f0552665,[4467],Veritone Appoints Technology Marketing Expert Seth Greenberg as Chief Marketing & Strategy Officer and Information Technology Veteran Fleming Meng as Chief Information Officer,2023-01-19
f5b592370c6401059d2a::c0000,f5b592370c6401059d2a,[4469],Ambulance service received more than 1200 calls in just nine hours,2023-01-02
bb3a7ceccfcb30f4968f::c0000,bb3a7ceccfcb30f4968f,[4470],Technology and sustainable development: A hamlet in rural South Africa shows how one can power the other,2023-01-18
a473e0d969da4a33dec0::c0000,a473e0d969da4a33dec0,[4471],Verint Platform Extension Program Achieves Impressive Growth Spotlights Innovation,2023-03-27
e690b5c05b5250194e85::c0000,e690b5c05b5250194e85,[4472],Newegg Unleashes Gaming Laptops,2023-01-11
9d4f5e2c8ab2500f19fc::c0000,9d4f5e2c8ab2500f19fc,[4475],Could Asheville be site of next big AI 'supercomputer' and data center?,2023-08-16
0a67f677e751fbd76aea::c0000,0a67f677e751fbd76aea,[4476],Nonstop spam calls? Augusta ranks high for robocalls,2023-10-13
6a79e4c7dd71098338e9::c0000,6a79e4c7dd71098338e9,[4477],Let’s Shape Tech to be Transformative & Meet Every Child’s Learning Needs,2023-08-11
a3bd748527bad271b7d9::c0000,a3bd748527bad271b7d9,[4479],F5 offers new distributed cloud services for multicloud connectivity,2023-03-26
74bd79d04d40984e11d2::c0000,74bd79d04d40984e11d2,[4482],Lead Generator and Its Executives and Owners Found Liable for Violating Telemarketing Sales Rule,2023-09-12
bd6cf2aad7eb4fa3d5af::c0000,bd6cf2aad7eb4fa3d5af,[4601],Choosing the perfect gaming PC: A comprehensive guide,2023-10-07
153527d2f89c4f4732d2::c0000,153527d2f89c4f4732d2,[4602],ReelCall is Here to Make Networking and Staffing in the Industry Accessible to All (Sponsored),2023-01-18
80b543c104878a90a646::c0000,80b543c104878a90a646,[4604],MLGW Call Center Answering Emergency Calls Only,2022-12-27
d9d77d6505c04c679841::c0000,d9d77d6505c04c679841,[4610],What is ICT (Information and Communications Technology)?,2023-05-22
c507f0c741d6862314af::c0000,c507f0c741d6862314af,[4617],Emirates Health Services Launches Transformative Project that Deploys Metaverse Technology in Healthcare Delivery,2022-12-30
00b2cc8aa99906fdad30::c0000,00b2cc8aa99906fdad30,[4618],The wonderful (and useful) world of drone technology,2022-12-31
1b2d84e733e1c162a6cf::c0000,1b2d84e733e1c162a6cf,[4623],Mobile Calling New Rule: Big Changes In Incoming Calls Messages From May 1,2023-04-28
536ce76d9c15de2f8e94::c0000,536ce76d9c15de2f8e94,[4624],Technology and workplaces of the future,2023-01-12
abf502ee19d960c99db5::c0000,abf502ee19d960c99db5,[4627],Inseego and Pocket Box partnership offers integrated fleet technology,2023-01-04
591a26c131475f081aa1::c0000,591a26c131475f081aa1,[4640],First ever space-based voice call made in West Texas,2023-04-27
1ebefba3cc589fe9b6a5::c0000,1ebefba3cc589fe9b6a5,[4641],Apple Business Connect launches as free tool to help organize key information across services,2023-01-11
ac217b7da2d1032a6cf0::c0000,ac217b7da2d1032a6cf0,[4660],Tanque Verde High School teams up with KGUN 9 for 'TVHS Student View',2023-10-20
6348d749766c3c29073f::c0000,6348d749766c3c29073f,[4661],7 Great Stealth Games That Are Only On PC,2023-10-20
0265de8e375ca4286c1f::c0000,0265de8e375ca4286c1f,[4662],Trai sees rise in call drops complaint begins service quality rules review,2023-08-18
6c82a3616e9a6f1e4c51::c0000,6c82a3616e9a6f1e4c51,[4665],Mood Media Expands In-Store Solutions with Acquisition of Vibenomics the Leading In-Store Ad Network Technology and Service Provider,2023-03-22
b877c6c41c131e2d94da::c0000,b877c6c41c131e2d94da,[4666],Truecaller aims to help WhatsApp users combat spam,2023-05-08
9843c61535ef57af1d5d::c0000,9843c61535ef57af1d5d,[4667],Take Control of Tech Clutter,2023-06-08
3acccb46f0ba2af42e41::c0000,3acccb46f0ba2af42e41,[4694],PNP Offers Fast And Secure Storage Solutions For Businesses Of All Sizes,2023-03-07
3fd214186edb362820ac::c0000,3fd214186edb362820ac,[4695],10Pearls Successfully Conducts AI Summit 2023 in Islamabad,2023-02-27
822708e75257d538e853::c0000,822708e75257d538e853,[4696],Business Choice 2023: The Top VoIP Service for Your Office,2023-03-07
62416afbafb4fb785b50::c0000,62416afbafb4fb785b50,[4697],Radius Delivers Immersive Perimetry at the Speed of Business,2023-04-04
f49e65cd83b150fc5cff::c0000,f49e65cd83b150fc5cff,[4743],Get The Washington Post and more value from Verizon''s myPlan +play perk along with more savings on subscriptions,2023-07-10
626d82a4b9c83cf92dac::c0000,626d82a4b9c83cf92dac,[4744],6 Ways to Identify Who an Unknown Caller Is,2023-03-02
1f338ce28d4911cde99d::c0000,1f338ce28d4911cde99d,[4745],Straight Talk: Use caution while using voice search with your smart device,2023-10-22
d31bc7d62290c1b0af48::c0000,d31bc7d62290c1b0af48,[4746],Shift left for SaaS: More DIY means happier users,2023-07-07
ca44478ad29bdd76f034::c0000,ca44478ad29bdd76f034,"[4748, 4795]",Calling 911? The person answering may increasingly be overworked or poorly trained,2023-07-28
108f706f1856cbb3adf5::c0000,108f706f1856cbb3adf5,[4750],Nurse call systems other medical devices highest risks for cyberattacks: report,2023-05-03
20fbc8cab342ef2bc729::c0000,20fbc8cab342ef2bc729,[4751],Is your airplane tracking how much you drink? These sensors may be offer better service.,2023-06-08
d873c60586c1a7fb966b::c0000,d873c60586c1a7fb966b,[4754],Toronto Tourist Information Centre,2023-08-25
46a1c3b2bb13114afa76::c0000,46a1c3b2bb13114afa76,[4755],''Hey Siri call 911'': How to set up your phone to save your life even if you''re unconscious,2023-03-03
e8e07b3df03c95b6965e::c0000,e8e07b3df03c95b6965e,[4757],Viaplay names new CEO cuts outlook as business environment deteriorates,2023-06-05
aeee0a194e0435edcaf7::c0000,aeee0a194e0435edcaf7,[4768],‘One call handles it all’: TruBlue Total House Care opening in Greeley,2023-03-02
25d9a6b21757345d6bcf::c0000,25d9a6b21757345d6bcf,[4769],Changes to how Kansas City handles 911 calls to be tested evaluated in next 2 weeks,2023-06-30
51a08637d5c1f7c1ffa9::c0000,51a08637d5c1f7c1ffa9,[4771],Tencent disbands User Research and Experience Design Department,2023-06-30
6a57af7e765e35e32163::c0000,6a57af7e765e35e32163,[4776],K2 Joins Salas O’Brien Expands Technology and Acoustics Services,2022-12-23
6c9464491b2b255793a1::c0000,6c9464491b2b255793a1,[4779],Do you need help with your computer or other tech?,2023-10-22
fb5788592a9070e724f4::c0000,fb5788592a9070e724f4,[4880],Heat rally again top Magic 110-105 to close 3-0 homestand,2023-01-28
789a04e329213510468f::c0000,789a04e329213510468f,[4881],Leveraging Technology to Expand ESL Services,2023-03-02
89c8d93e496fc8cd07e0::c0000,89c8d93e496fc8cd07e0,[4884],Quality of Service,2023-07-14
358f24858a0dfec14d99::c0000,358f24858a0dfec14d99,[4885],VIQ Solutions Signs Strategic Partnership with JAVS to Modernize Courtroom Documentation Using AI,2023-06-15
c600d3fa015b63c56f9f::c0000,c600d3fa015b63c56f9f,[4886],The Best Reverse Phone Lookup Services That You Can Find,2023-04-24
6038ed4c79a6534b488b::c0000,6038ed4c79a6534b488b,[4887],Technology and eHealth solutions must be ‘radically overhauled’,2023-01-27
ae5dab4bd690454f7fb3::c0000,ae5dab4bd690454f7fb3,[4888],NSA Releases Guide to Harden Cisco Next Generation Firewalls,2023-08-03
c2614677908441907f39::c0000,c2614677908441907f39,[4889],Best VoIP Services (July 2023),2023-07-31
4717937882dd073caa71::c0000,4717937882dd073caa71,[4892],‘These Spam Callers Are Getting Out of Hand’: Dude Contacts the ISS With Homemade Antenna,2023-10-15
fc87d64643e0a627431c::c0000,fc87d64643e0a627431c,[4895],JPMorgan says buy this restaurant stock that can go up nearly 20%,2023-08-21
4e050a6e9c9103b9b34d::c0000,4e050a6e9c9103b9b34d,[4896],India seeks to boost manufacturing with laptop licensing move,2023-08-04
4fa98820b7f6e29bd5b5::c0000,4fa98820b7f6e29bd5b5,[4907],BetMGM Bonus Code RADARCOM Unlocks First Bet Offer Up to $1K for UFC 291,2023-07-29
81200262d86ef1fb0ce6::c0000,81200262d86ef1fb0ce6,[4908],CIO CHOICE 2023 Recognizes Anunta as the Most Trusted Brand in Desktop-as-a-Service,2023-01-30
9168d913cdd4d22406ab::c0000,9168d913cdd4d22406ab,[4909],Broadcom Enables the Most Secure and Efficient SANs with the Industry's Highest Density 64G Director,2023-08-15
315db40ebb4ea5659fde::c0000,315db40ebb4ea5659fde,[4910],Unprecedented Problem Requires Unprecedented Solutions: Recommendations for Internet Cable Resilience in Vietnam,2023-02-17
a36be6e566bbd0656436::c0000,a36be6e566bbd0656436,[4911],CCI approves Multiples PE Fund and CPPIB investments in Acko Technology,2023-06-05
e263fde056d9e4c7eb2e::c0000,e263fde056d9e4c7eb2e,[4912],Investment Product and Service Launches,2023-03-23
3257240ccbdfd466831d::c0000,3257240ccbdfd466831d,[4913],First ever space-based voice call using a standard smartphone achieved,2023-04-26
208812d85bb9e4a23230::c0000,208812d85bb9e4a23230,[4916],PTC Applauded by Frost & Sullivan for Delivering ServiceMax Field Service Management Technology that Optimizes Operations of Energy Companies,2023-05-24
6fcdea45f8e6144d389f::c0000,6fcdea45f8e6144d389f,[4920],Dstny launches Call2Teams Go for cost-effective voice integration with Microsoft Teams,2023-08-15
c8a7f9306f03dee17ad1::c0000,c8a7f9306f03dee17ad1,[4922],Who keeps calling me? Look up numbers flagged as potential robo-calls or spam,2023-01-09
42e323759995897305de::c0000,42e323759995897305de,[4941],How Companies Can Emerge from Stealth with Their Secrets Intact,2023-10-25
1a94e2327861376b8c61::c0000,1a94e2327861376b8c61,[4942],Unusual Call Option Trade in Emerson Electric (EMR) Worth $297.82K,2023-04-19
683c36b57699e9c4a747::c0000,683c36b57699e9c4a747,[4943],12932 159 Avenue,2023-07-18
eafc3c72785b9bc2cf24::c0000,eafc3c72785b9bc2cf24,[4944],Microsoft could offer private ChatGPT to businesses for “10 times” the normal cost,2023-05-02
8200bb8ded8e7c2b8b17::c0000,8200bb8ded8e7c2b8b17,[4946],Social media platform X rolls out audio video calling,2023-10-25
f19817d758d9e38a7f40::c0000,f19817d758d9e38a7f40,[4947],Why Many People Are Switching to VoIP Calls?,2023-01-11
df2b070cdb9a314cdd8e::c0000,df2b070cdb9a314cdd8e,[4948],2N white paper: technological revolution transforming access control,2023-04-19
6f7fa6b96006d52b44ce::c0000,6f7fa6b96006d52b44ce,[4992],The best VPN services tested and reviewed,2023-09-28
53c79645f2bf8b5e6e44::c0000,53c79645f2bf8b5e6e44,[4993],What's In A Name: A Brief Guide To Military Pilot Callsigns,2023-08-18
db1052f8daa5f4dcab98::c0000,db1052f8daa5f4dcab98,[4995],Good Call hotline connects New York residents to lawyers for free,2023-05-06
